kol,start,end,peak_count,duration_hours
BrianFeroldi,2025-10-28 12:00:00+00:00,2025-10-28 12:00:00+00:00,3,1.0
BrianFeroldi,2025-12-16 16:00:00+00:00,2025-12-16 16:00:00+00:00,3,1.0
Callum_Thomas,2024-04-28 18:00:00+00:00,2024-04-28 18:00:00+00:00,3,1.0
Callum_Thomas,2024-05-01 19:00:00+00:00,2024-05-01 19:00:00+00:00,4,1.0
Callum_Thomas,2024-05-02 18:00:00+00:00,2024-05-02 18:00:00+00:00,4,1.0
Callum_Thomas,2024-05-06 22:00:00+00:00,2024-05-06 22:00:00+00:00,3,1.0
Callum_Thomas,2024-05-14 05:00:00+00:00,2024-05-14 05:00:00+00:00,3,1.0
Callum_Thomas,2024-05-19 20:00:00+00:00,2024-05-19 20:00:00+00:00,4,1.0
Callum_Thomas,2024-05-20 19:00:00+00:00,2024-05-20 20:00:00+00:00,3,2.0
Callum_Thomas,2024-05-21 19:00:00+00:00,2024-05-21 19:00:00+00:00,3,1.0
Callum_Thomas,2024-05-22 20:00:00+00:00,2024-05-22 21:00:00+00:00,4,2.0
Callum_Thomas,2024-05-27 18:00:00+00:00,2024-05-27 18:00:00+00:00,3,1.0
Callum_Thomas,2024-06-02 17:00:00+00:00,2024-06-02 17:00:00+00:00,3,1.0
Callum_Thomas,2024-06-03 18:00:00+00:00,2024-06-03 18:00:00+00:00,3,1.0
Callum_Thomas,2024-06-04 19:00:00+00:00,2024-06-04 19:00:00+00:00,3,1.0
Callum_Thomas,2024-06-06 19:00:00+00:00,2024-06-06 19:00:00+00:00,5,1.0
Callum_Thomas,2024-06-12 05:00:00+00:00,2024-06-12 05:00:00+00:00,3,1.0
Callum_Thomas,2024-06-19 21:00:00+00:00,2024-06-19 21:00:00+00:00,4,1.0
Callum_Thomas,2024-06-22 18:00:00+00:00,2024-06-22 18:00:00+00:00,3,1.0
Callum_Thomas,2024-07-07 19:00:00+00:00,2024-07-07 19:00:00+00:00,3,1.0
Callum_Thomas,2024-07-18 01:00:00+00:00,2024-07-18 01:00:00+00:00,3,1.0
Callum_Thomas,2024-07-22 02:00:00+00:00,2024-07-22 02:00:00+00:00,3,1.0
Callum_Thomas,2024-07-27 19:00:00+00:00,2024-07-27 19:00:00+00:00,3,1.0
Callum_Thomas,2024-08-03 19:00:00+00:00,2024-08-03 19:00:00+00:00,3,1.0
Callum_Thomas,2024-08-05 20:00:00+00:00,2024-08-05 20:00:00+00:00,3,1.0
Callum_Thomas,2024-08-11 19:00:00+00:00,2024-08-11 19:00:00+00:00,3,1.0
Callum_Thomas,2024-08-13 05:00:00+00:00,2024-08-13 05:00:00+00:00,3,1.0
Callum_Thomas,2024-10-26 18:00:00+00:00,2024-10-26 18:00:00+00:00,4,1.0
Callum_Thomas,2024-11-04 00:00:00+00:00,2024-11-04 00:00:00+00:00,3,1.0
Callum_Thomas,2024-11-10 21:00:00+00:00,2024-11-10 21:00:00+00:00,3,1.0
Callum_Thomas,2024-11-17 18:00:00+00:00,2024-11-17 18:00:00+00:00,3,1.0
Callum_Thomas,2024-12-05 20:00:00+00:00,2024-12-05 20:00:00+00:00,3,1.0
Callum_Thomas,2024-12-17 06:00:00+00:00,2024-12-17 06:00:00+00:00,3,1.0
Callum_Thomas,2024-12-22 18:00:00+00:00,2024-12-22 18:00:00+00:00,3,1.0
Callum_Thomas,2025-02-09 06:00:00+00:00,2025-02-09 06:00:00+00:00,3,1.0
Callum_Thomas,2025-04-07 21:00:00+00:00,2025-04-07 21:00:00+00:00,3,1.0
Callum_Thomas,2025-04-11 19:00:00+00:00,2025-04-11 19:00:00+00:00,3,1.0
Callum_Thomas,2025-04-12 21:00:00+00:00,2025-04-12 21:00:00+00:00,3,1.0
Callum_Thomas,2025-04-13 19:00:00+00:00,2025-04-13 19:00:00+00:00,3,1.0
Callum_Thomas,2025-04-15 04:00:00+00:00,2025-04-15 04:00:00+00:00,4,1.0
Callum_Thomas,2025-04-16 19:00:00+00:00,2025-04-16 19:00:00+00:00,3,1.0
Callum_Thomas,2025-05-12 18:00:00+00:00,2025-05-12 18:00:00+00:00,3,1.0
Callum_Thomas,2025-06-01 19:00:00+00:00,2025-06-01 19:00:00+00:00,3,1.0
Callum_Thomas,2025-06-13 02:00:00+00:00,2025-06-13 02:00:00+00:00,3,1.0
Callum_Thomas,2025-06-17 04:00:00+00:00,2025-06-17 04:00:00+00:00,4,1.0
Callum_Thomas,2025-07-15 05:00:00+00:00,2025-07-15 05:00:00+00:00,3,1.0
Callum_Thomas,2025-07-20 20:00:00+00:00,2025-07-20 20:00:00+00:00,4,1.0
Callum_Thomas,2025-07-27 22:00:00+00:00,2025-07-27 22:00:00+00:00,3,1.0
Callum_Thomas,2025-08-16 20:00:00+00:00,2025-08-16 20:00:00+00:00,3,1.0
Callum_Thomas,2025-08-24 20:00:00+00:00,2025-08-24 21:00:00+00:00,3,2.0
Callum_Thomas,2025-08-26 23:00:00+00:00,2025-08-26 23:00:00+00:00,3,1.0
Callum_Thomas,2025-08-30 20:00:00+00:00,2025-08-30 20:00:00+00:00,4,1.0
Callum_Thomas,2025-09-02 20:00:00+00:00,2025-09-02 20:00:00+00:00,3,1.0
Callum_Thomas,2025-09-04 20:00:00+00:00,2025-09-04 20:00:00+00:00,3,1.0
Callum_Thomas,2025-11-18 18:00:00+00:00,2025-11-18 18:00:00+00:00,4,1.0
Jake__Wujastyk,2025-12-28 23:00:00+00:00,2025-12-29 00:00:00+00:00,5,2.0
Jake__Wujastyk,2025-12-30 19:00:00+00:00,2025-12-30 19:00:00+00:00,3,1.0
Jake__Wujastyk,2025-12-31 12:00:00+00:00,2025-12-31 12:00:00+00:00,9,1.0
Jake__Wujastyk,2026-01-01 22:00:00+00:00,2026-01-01 23:00:00+00:00,5,2.0
Jake__Wujastyk,2026-01-02 22:00:00+00:00,2026-01-02 22:00:00+00:00,4,1.0
Jake__Wujastyk,2026-01-05 01:00:00+00:00,2026-01-05 01:00:00+00:00,8,1.0
Jake__Wujastyk,2026-01-05 23:00:00+00:00,2026-01-05 23:00:00+00:00,8,1.0
Jake__Wujastyk,2026-01-06 23:00:00+00:00,2026-01-07 00:00:00+00:00,9,2.0
Jake__Wujastyk,2026-01-13 20:00:00+00:00,2026-01-13 20:00:00+00:00,5,1.0
Jake__Wujastyk,2026-01-13 22:00:00+00:00,2026-01-13 22:00:00+00:00,9,1.0
Jake__Wujastyk,2026-01-14 00:00:00+00:00,2026-01-14 00:00:00+00:00,4,1.0
LindaRaschke,2024-03-05 00:00:00+00:00,2024-03-05 00:00:00+00:00,3,1.0
LindaRaschke,2024-03-05 20:00:00+00:00,2024-03-05 20:00:00+00:00,3,1.0
LindaRaschke,2024-06-18 13:00:00+00:00,2024-06-18 13:00:00+00:00,5,1.0
LindaRaschke,2024-06-21 20:00:00+00:00,2024-06-21 20:00:00+00:00,3,1.0
LindaRaschke,2024-06-24 18:00:00+00:00,2024-06-24 18:00:00+00:00,3,1.0
LindaRaschke,2024-09-04 16:00:00+00:00,2024-09-04 16:00:00+00:00,4,1.0
LindaRaschke,2024-09-05 18:00:00+00:00,2024-09-05 18:00:00+00:00,4,1.0
LindaRaschke,2024-09-11 14:00:00+00:00,2024-09-11 14:00:00+00:00,3,1.0
LindaRaschke,2024-09-12 14:00:00+00:00,2024-09-12 14:00:00+00:00,3,1.0
LindaRaschke,2024-09-12 23:00:00+00:00,2024-09-12 23:00:00+00:00,5,1.0
LindaRaschke,2024-09-15 15:00:00+00:00,2024-09-15 15:00:00+00:00,5,1.0
LindaRaschke,2024-09-20 13:00:00+00:00,2024-09-20 13:00:00+00:00,3,1.0
LindaRaschke,2024-09-21 13:00:00+00:00,2024-09-21 13:00:00+00:00,3,1.0
LindaRaschke,2024-09-24 13:00:00+00:00,2024-09-24 13:00:00+00:00,4,1.0
LindaRaschke,2024-10-31 12:00:00+00:00,2024-10-31 12:00:00+00:00,4,1.0
LindaRaschke,2024-11-14 20:00:00+00:00,2024-11-14 20:00:00+00:00,4,1.0
LindaRaschke,2024-12-16 19:00:00+00:00,2024-12-16 19:00:00+00:00,3,1.0
LindaRaschke,2024-12-30 02:00:00+00:00,2024-12-30 02:00:00+00:00,5,1.0
LindaRaschke,2024-12-31 13:00:00+00:00,2024-12-31 13:00:00+00:00,3,1.0
LindaRaschke,2025-01-02 13:00:00+00:00,2025-01-02 13:00:00+00:00,3,1.0
LindaRaschke,2025-01-03 03:00:00+00:00,2025-01-03 03:00:00+00:00,3,1.0
LindaRaschke,2025-01-06 13:00:00+00:00,2025-01-06 13:00:00+00:00,5,1.0
LindaRaschke,2025-01-07 01:00:00+00:00,2025-01-07 01:00:00+00:00,4,1.0
LindaRaschke,2025-01-21 15:00:00+00:00,2025-01-21 15:00:00+00:00,3,1.0
LindaRaschke,2025-02-10 13:00:00+00:00,2025-02-10 13:00:00+00:00,6,1.0
LindaRaschke,2025-02-20 02:00:00+00:00,2025-02-20 02:00:00+00:00,3,1.0
LindaRaschke,2025-02-24 14:00:00+00:00,2025-02-24 14:00:00+00:00,5,1.0
LindaRaschke,2025-03-04 13:00:00+00:00,2025-03-04 13:00:00+00:00,6,1.0
LindaRaschke,2025-03-04 16:00:00+00:00,2025-03-04 16:00:00+00:00,3,1.0
LindaRaschke,2025-03-07 02:00:00+00:00,2025-03-07 02:00:00+00:00,3,1.0
LindaRaschke,2025-03-10 23:00:00+00:00,2025-03-10 23:00:00+00:00,10,1.0
LindaRaschke,2025-03-17 12:00:00+00:00,2025-03-17 12:00:00+00:00,5,1.0
LindaRaschke,2025-03-18 18:00:00+00:00,2025-03-18 18:00:00+00:00,3,1.0
LindaRaschke,2025-03-21 17:00:00+00:00,2025-03-21 17:00:00+00:00,4,1.0
LindaRaschke,2025-03-24 00:00:00+00:00,2025-03-24 00:00:00+00:00,3,1.0
LindaRaschke,2025-03-26 16:00:00+00:00,2025-03-26 16:00:00+00:00,5,1.0
LindaRaschke,2025-03-26 19:00:00+00:00,2025-03-26 19:00:00+00:00,3,1.0
LindaRaschke,2025-03-26 23:00:00+00:00,2025-03-26 23:00:00+00:00,5,1.0
LindaRaschke,2025-03-28 13:00:00+00:00,2025-03-28 14:00:00+00:00,8,2.0
LindaRaschke,2025-04-01 00:00:00+00:00,2025-04-01 00:00:00+00:00,10,1.0
LindaRaschke,2025-04-02 01:00:00+00:00,2025-04-02 01:00:00+00:00,7,1.0
LindaRaschke,2025-04-04 12:00:00+00:00,2025-04-04 12:00:00+00:00,5,1.0
LindaRaschke,2025-04-07 15:00:00+00:00,2025-04-07 15:00:00+00:00,8,1.0
LindaRaschke,2025-04-09 12:00:00+00:00,2025-04-09 13:00:00+00:00,8,2.0
LindaRaschke,2025-04-21 17:00:00+00:00,2025-04-21 18:00:00+00:00,3,2.0
LindaRaschke,2025-04-22 00:00:00+00:00,2025-04-22 00:00:00+00:00,8,1.0
LindaRaschke,2025-04-23 00:00:00+00:00,2025-04-23 00:00:00+00:00,7,1.0
LindaRaschke,2025-04-23 13:00:00+00:00,2025-04-23 13:00:00+00:00,4,1.0
LindaRaschke,2025-04-24 00:00:00+00:00,2025-04-24 00:00:00+00:00,4,1.0
LindaRaschke,2025-04-24 15:00:00+00:00,2025-04-24 15:00:00+00:00,4,1.0
LindaRaschke,2025-04-25 01:00:00+00:00,2025-04-25 01:00:00+00:00,5,1.0
LindaRaschke,2025-04-25 12:00:00+00:00,2025-04-25 12:00:00+00:00,6,1.0
LindaRaschke,2025-04-29 12:00:00+00:00,2025-04-29 12:00:00+00:00,5,1.0
LindaRaschke,2025-04-30 12:00:00+00:00,2025-04-30 12:00:00+00:00,9,1.0
LindaRaschke,2025-05-06 17:00:00+00:00,2025-05-06 18:00:00+00:00,4,2.0
LindaRaschke,2025-05-08 01:00:00+00:00,2025-05-08 01:00:00+00:00,6,1.0
LindaRaschke,2025-05-08 23:00:00+00:00,2025-05-09 00:00:00+00:00,7,2.0
LindaRaschke,2025-05-13 18:00:00+00:00,2025-05-13 18:00:00+00:00,3,1.0
LindaRaschke,2025-05-14 12:00:00+00:00,2025-05-14 12:00:00+00:00,4,1.0
LindaRaschke,2025-05-20 12:00:00+00:00,2025-05-20 12:00:00+00:00,3,1.0
LindaRaschke,2025-05-21 02:00:00+00:00,2025-05-21 02:00:00+00:00,4,1.0
LindaRaschke,2025-05-29 12:00:00+00:00,2025-05-29 12:00:00+00:00,4,1.0
LindaRaschke,2025-06-08 23:00:00+00:00,2025-06-08 23:00:00+00:00,4,1.0
LindaRaschke,2025-06-10 01:00:00+00:00,2025-06-10 01:00:00+00:00,3,1.0
LindaRaschke,2025-06-11 12:00:00+00:00,2025-06-11 12:00:00+00:00,3,1.0
LindaRaschke,2025-06-24 01:00:00+00:00,2025-06-24 01:00:00+00:00,3,1.0
LindaRaschke,2025-06-24 19:00:00+00:00,2025-06-24 19:00:00+00:00,4,1.0
LindaRaschke,2025-06-30 18:00:00+00:00,2025-06-30 18:00:00+00:00,3,1.0
LindaRaschke,2025-07-06 14:00:00+00:00,2025-07-06 14:00:00+00:00,7,1.0
LindaRaschke,2025-07-25 12:00:00+00:00,2025-07-25 12:00:00+00:00,3,1.0
LindaRaschke,2025-07-26 22:00:00+00:00,2025-07-26 22:00:00+00:00,4,1.0
LindaRaschke,2025-08-05 17:00:00+00:00,2025-08-05 17:00:00+00:00,3,1.0
LindaRaschke,2025-08-08 13:00:00+00:00,2025-08-08 13:00:00+00:00,3,1.0
LindaRaschke,2025-08-12 17:00:00+00:00,2025-08-12 17:00:00+00:00,4,1.0
LindaRaschke,2025-09-22 16:00:00+00:00,2025-09-22 16:00:00+00:00,3,1.0
LindaRaschke,2025-09-22 18:00:00+00:00,2025-09-22 18:00:00+00:00,7,1.0
LindaRaschke,2025-10-03 17:00:00+00:00,2025-10-03 17:00:00+00:00,3,1.0
LindaRaschke,2025-10-06 14:00:00+00:00,2025-10-06 14:00:00+00:00,3,1.0
LindaRaschke,2025-10-09 16:00:00+00:00,2025-10-09 16:00:00+00:00,3,1.0
LindaRaschke,2025-10-15 17:00:00+00:00,2025-10-15 17:00:00+00:00,3,1.0
LindaRaschke,2025-10-21 17:00:00+00:00,2025-10-21 17:00:00+00:00,3,1.0
LindaRaschke,2025-12-15 15:00:00+00:00,2025-12-15 15:00:00+00:00,4,1.0
LindaRaschke,2025-12-23 20:00:00+00:00,2025-12-23 20:00:00+00:00,3,1.0
LindaRaschke,2026-01-09 14:00:00+00:00,2026-01-09 15:00:00+00:00,4,2.0
LindaRaschke,2026-01-13 15:00:00+00:00,2026-01-13 16:00:00+00:00,4,2.0
LindaRaschke,2026-01-14 16:00:00+00:00,2026-01-14 17:00:00+00:00,4,2.0
LindaRaschke,2026-01-15 04:00:00+00:00,2026-01-15 04:00:00+00:00,4,1.0
LindaRaschke,2026-01-16 03:00:00+00:00,2026-01-16 03:00:00+00:00,6,1.0
LindaRaschke,2026-01-19 14:00:00+00:00,2026-01-19 14:00:00+00:00,7,1.0
LindaRaschke,2026-01-20 00:00:00+00:00,2026-01-20 00:00:00+00:00,4,1.0
LindaRaschke,2026-01-20 17:00:00+00:00,2026-01-20 17:00:00+00:00,8,1.0
LizAnnSonders,2025-06-13 11:00:00+00:00,2025-06-13 11:00:00+00:00,13,1.0
LizAnnSonders,2025-06-16 11:00:00+00:00,2025-06-16 11:00:00+00:00,14,1.0
LizAnnSonders,2025-06-17 11:00:00+00:00,2025-06-17 11:00:00+00:00,13,1.0
LizAnnSonders,2025-06-18 10:00:00+00:00,2025-06-18 10:00:00+00:00,12,1.0
LizAnnSonders,2025-06-20 11:00:00+00:00,2025-06-20 11:00:00+00:00,10,1.0
LizAnnSonders,2025-06-23 11:00:00+00:00,2025-06-23 11:00:00+00:00,14,1.0
LizAnnSonders,2025-06-24 11:00:00+00:00,2025-06-24 11:00:00+00:00,12,1.0
LizAnnSonders,2025-06-25 11:00:00+00:00,2025-06-25 11:00:00+00:00,13,1.0
LizAnnSonders,2025-06-26 10:00:00+00:00,2025-06-26 10:00:00+00:00,10,1.0
LizAnnSonders,2025-06-27 10:00:00+00:00,2025-06-27 10:00:00+00:00,13,1.0
LizAnnSonders,2025-06-30 11:00:00+00:00,2025-06-30 11:00:00+00:00,15,1.0
LizAnnSonders,2025-07-01 11:00:00+00:00,2025-07-01 11:00:00+00:00,13,1.0
LizAnnSonders,2025-07-02 12:00:00+00:00,2025-07-02 12:00:00+00:00,15,1.0
LizAnnSonders,2025-07-03 10:00:00+00:00,2025-07-03 10:00:00+00:00,13,1.0
LizAnnSonders,2025-07-07 11:00:00+00:00,2025-07-07 11:00:00+00:00,10,1.0
LizAnnSonders,2025-07-08 11:00:00+00:00,2025-07-08 11:00:00+00:00,13,1.0
LizAnnSonders,2025-07-09 11:00:00+00:00,2025-07-09 11:00:00+00:00,13,1.0
LizAnnSonders,2025-07-10 10:00:00+00:00,2025-07-10 10:00:00+00:00,11,1.0
LizAnnSonders,2025-07-11 10:00:00+00:00,2025-07-11 10:00:00+00:00,13,1.0
LizAnnSonders,2025-07-14 11:00:00+00:00,2025-07-14 11:00:00+00:00,7,1.0
LizAnnSonders,2025-07-15 10:00:00+00:00,2025-07-15 10:00:00+00:00,10,1.0
LizAnnSonders,2025-07-16 11:00:00+00:00,2025-07-16 11:00:00+00:00,13,1.0
LizAnnSonders,2025-07-17 11:00:00+00:00,2025-07-17 11:00:00+00:00,14,1.0
LizAnnSonders,2025-07-18 10:00:00+00:00,2025-07-18 10:00:00+00:00,11,1.0
LizAnnSonders,2025-07-21 11:00:00+00:00,2025-07-21 11:00:00+00:00,13,1.0
LizAnnSonders,2025-07-22 10:00:00+00:00,2025-07-22 10:00:00+00:00,10,1.0
LizAnnSonders,2025-07-23 10:00:00+00:00,2025-07-23 10:00:00+00:00,13,1.0
LizAnnSonders,2025-07-24 10:00:00+00:00,2025-07-24 10:00:00+00:00,10,1.0
LizAnnSonders,2025-07-25 10:00:00+00:00,2025-07-25 10:00:00+00:00,11,1.0
LizAnnSonders,2025-08-11 10:00:00+00:00,2025-08-11 10:00:00+00:00,13,1.0
LizAnnSonders,2025-08-12 11:00:00+00:00,2025-08-12 11:00:00+00:00,16,1.0
LizAnnSonders,2025-08-13 10:00:00+00:00,2025-08-13 10:00:00+00:00,14,1.0
LizAnnSonders,2025-08-14 10:00:00+00:00,2025-08-14 10:00:00+00:00,13,1.0
LizAnnSonders,2025-08-15 11:00:00+00:00,2025-08-15 11:00:00+00:00,13,1.0
LizAnnSonders,2025-08-18 11:00:00+00:00,2025-08-18 11:00:00+00:00,14,1.0
LizAnnSonders,2025-08-19 11:00:00+00:00,2025-08-19 11:00:00+00:00,13,1.0
LizAnnSonders,2025-08-20 11:00:00+00:00,2025-08-20 11:00:00+00:00,13,1.0
LizAnnSonders,2025-08-21 11:00:00+00:00,2025-08-21 11:00:00+00:00,16,1.0
LizAnnSonders,2025-08-22 11:00:00+00:00,2025-08-22 11:00:00+00:00,13,1.0
LizAnnSonders,2025-08-25 11:00:00+00:00,2025-08-25 11:00:00+00:00,14,1.0
LizAnnSonders,2025-08-26 11:00:00+00:00,2025-08-26 11:00:00+00:00,13,1.0
LizAnnSonders,2025-08-27 11:00:00+00:00,2025-08-27 11:00:00+00:00,13,1.0
LizAnnSonders,2025-09-02 11:00:00+00:00,2025-09-02 11:00:00+00:00,14,1.0
LizAnnSonders,2025-09-03 11:00:00+00:00,2025-09-03 11:00:00+00:00,10,1.0
LizAnnSonders,2025-09-04 11:00:00+00:00,2025-09-04 11:00:00+00:00,10,1.0
LizAnnSonders,2025-09-05 06:00:00+00:00,2025-09-05 06:00:00+00:00,10,1.0
LizAnnSonders,2025-09-05 12:00:00+00:00,2025-09-05 12:00:00+00:00,11,1.0
LizAnnSonders,2025-09-08 11:00:00+00:00,2025-09-08 11:00:00+00:00,13,1.0
LizAnnSonders,2025-09-09 11:00:00+00:00,2025-09-09 11:00:00+00:00,11,1.0
LizAnnSonders,2025-09-10 11:00:00+00:00,2025-09-10 11:00:00+00:00,12,1.0
LizAnnSonders,2025-09-11 11:00:00+00:00,2025-09-11 11:00:00+00:00,13,1.0
LizAnnSonders,2025-09-15 11:00:00+00:00,2025-09-15 11:00:00+00:00,9,1.0
LizAnnSonders,2025-09-16 11:00:00+00:00,2025-09-16 11:00:00+00:00,13,1.0
LizAnnSonders,2025-09-17 11:00:00+00:00,2025-09-17 11:00:00+00:00,14,1.0
LizAnnSonders,2025-09-18 11:00:00+00:00,2025-09-18 11:00:00+00:00,12,1.0
LizAnnSonders,2025-09-19 11:00:00+00:00,2025-09-19 11:00:00+00:00,10,1.0
LizAnnSonders,2025-09-22 11:00:00+00:00,2025-09-22 11:00:00+00:00,14,1.0
LizAnnSonders,2025-09-23 11:00:00+00:00,2025-09-23 11:00:00+00:00,13,1.0
LizAnnSonders,2025-09-24 11:00:00+00:00,2025-09-24 11:00:00+00:00,14,1.0
LizAnnSonders,2025-09-25 11:00:00+00:00,2025-09-25 11:00:00+00:00,13,1.0
LizAnnSonders,2025-09-26 11:00:00+00:00,2025-09-26 11:00:00+00:00,13,1.0
LizAnnSonders,2025-09-29 11:00:00+00:00,2025-09-29 11:00:00+00:00,14,1.0
LizAnnSonders,2025-09-30 10:00:00+00:00,2025-09-30 10:00:00+00:00,13,1.0
LizAnnSonders,2025-10-01 12:00:00+00:00,2025-10-01 12:00:00+00:00,13,1.0
LizAnnSonders,2025-10-02 10:00:00+00:00,2025-10-02 10:00:00+00:00,14,1.0
LizAnnSonders,2025-10-03 11:00:00+00:00,2025-10-03 11:00:00+00:00,9,1.0
LizAnnSonders,2025-10-06 11:00:00+00:00,2025-10-06 11:00:00+00:00,12,1.0
LizAnnSonders,2025-10-07 11:00:00+00:00,2025-10-07 11:00:00+00:00,12,1.0
LizAnnSonders,2025-10-08 10:00:00+00:00,2025-10-08 10:00:00+00:00,9,1.0
LizAnnSonders,2025-10-09 11:00:00+00:00,2025-10-09 11:00:00+00:00,11,1.0
LizAnnSonders,2025-10-10 11:00:00+00:00,2025-10-10 11:00:00+00:00,6,1.0
LizAnnSonders,2025-10-13 11:00:00+00:00,2025-10-13 11:00:00+00:00,11,1.0
LizAnnSonders,2025-10-14 11:00:00+00:00,2025-10-14 11:00:00+00:00,13,1.0
LizAnnSonders,2025-10-15 11:00:00+00:00,2025-10-15 11:00:00+00:00,9,1.0
LizAnnSonders,2025-10-16 11:00:00+00:00,2025-10-16 11:00:00+00:00,11,1.0
LizAnnSonders,2025-10-20 11:00:00+00:00,2025-10-20 11:00:00+00:00,7,1.0
LizAnnSonders,2025-10-21 09:00:00+00:00,2025-10-21 09:00:00+00:00,11,1.0
LizAnnSonders,2025-10-22 11:00:00+00:00,2025-10-22 11:00:00+00:00,10,1.0
LizAnnSonders,2025-10-23 10:00:00+00:00,2025-10-23 10:00:00+00:00,8,1.0
LizAnnSonders,2025-10-24 10:00:00+00:00,2025-10-24 10:00:00+00:00,12,1.0
LizAnnSonders,2025-10-28 11:00:00+00:00,2025-10-28 11:00:00+00:00,10,1.0
LizAnnSonders,2025-10-29 11:00:00+00:00,2025-10-29 11:00:00+00:00,11,1.0
LizAnnSonders,2025-10-30 11:00:00+00:00,2025-10-30 11:00:00+00:00,8,1.0
LizAnnSonders,2025-10-31 11:00:00+00:00,2025-10-31 11:00:00+00:00,8,1.0
LizAnnSonders,2025-11-04 11:00:00+00:00,2025-11-04 11:00:00+00:00,8,1.0
LizAnnSonders,2025-11-05 12:00:00+00:00,2025-11-05 12:00:00+00:00,10,1.0
LizAnnSonders,2025-11-06 13:00:00+00:00,2025-11-06 13:00:00+00:00,9,1.0
LizAnnSonders,2025-11-07 12:00:00+00:00,2025-11-07 12:00:00+00:00,8,1.0
LizAnnSonders,2025-11-11 12:00:00+00:00,2025-11-11 12:00:00+00:00,8,1.0
LizAnnSonders,2025-11-12 10:00:00+00:00,2025-11-12 10:00:00+00:00,7,1.0
LizAnnSonders,2025-11-13 13:00:00+00:00,2025-11-13 13:00:00+00:00,8,1.0
LizAnnSonders,2025-11-14 11:00:00+00:00,2025-11-14 11:00:00+00:00,8,1.0
LizAnnSonders,2025-11-18 11:00:00+00:00,2025-11-18 11:00:00+00:00,10,1.0
LizAnnSonders,2025-11-19 10:00:00+00:00,2025-11-19 10:00:00+00:00,7,1.0
LizAnnSonders,2025-11-20 12:00:00+00:00,2025-11-20 13:00:00+00:00,10,2.0
LizAnnSonders,2025-11-21 12:00:00+00:00,2025-11-21 12:00:00+00:00,6,1.0
LizAnnSonders,2025-11-21 15:00:00+00:00,2025-11-21 15:00:00+00:00,6,1.0
LizAnnSonders,2025-11-25 12:00:00+00:00,2025-11-25 12:00:00+00:00,8,1.0
LizAnnSonders,2025-11-25 15:00:00+00:00,2025-11-25 15:00:00+00:00,7,1.0
LizAnnSonders,2025-12-01 12:00:00+00:00,2025-12-01 12:00:00+00:00,6,1.0
LizAnnSonders,2025-12-03 12:00:00+00:00,2025-12-03 12:00:00+00:00,6,1.0
LizAnnSonders,2025-12-04 12:00:00+00:00,2025-12-04 12:00:00+00:00,10,1.0
LizAnnSonders,2025-12-05 12:00:00+00:00,2025-12-05 12:00:00+00:00,8,1.0
LizAnnSonders,2025-12-09 12:00:00+00:00,2025-12-09 12:00:00+00:00,10,1.0
LizAnnSonders,2025-12-10 12:00:00+00:00,2025-12-10 12:00:00+00:00,8,1.0
LizAnnSonders,2025-12-11 11:00:00+00:00,2025-12-11 11:00:00+00:00,7,1.0
LizAnnSonders,2025-12-12 10:00:00+00:00,2025-12-12 10:00:00+00:00,8,1.0
LizAnnSonders,2025-12-16 12:00:00+00:00,2025-12-16 12:00:00+00:00,8,1.0
LizAnnSonders,2025-12-17 12:00:00+00:00,2025-12-17 12:00:00+00:00,7,1.0
LizAnnSonders,2025-12-18 12:00:00+00:00,2025-12-18 12:00:00+00:00,9,1.0
LizAnnSonders,2025-12-19 12:00:00+00:00,2025-12-19 12:00:00+00:00,8,1.0
LizAnnSonders,2026-01-05 11:00:00+00:00,2026-01-05 11:00:00+00:00,3,1.0
LizAnnSonders,2026-01-06 11:00:00+00:00,2026-01-06 12:00:00+00:00,7,2.0
LizAnnSonders,2026-01-07 12:00:00+00:00,2026-01-07 12:00:00+00:00,8,1.0
LizAnnSonders,2026-01-08 12:00:00+00:00,2026-01-08 12:00:00+00:00,8,1.0
LizAnnSonders,2026-01-09 12:00:00+00:00,2026-01-09 12:00:00+00:00,6,1.0
LizAnnSonders,2026-01-12 12:00:00+00:00,2026-01-12 12:00:00+00:00,5,1.0
LizAnnSonders,2026-01-13 12:00:00+00:00,2026-01-13 12:00:00+00:00,9,1.0
LizAnnSonders,2026-01-14 12:00:00+00:00,2026-01-14 12:00:00+00:00,8,1.0
LizAnnSonders,2026-01-15 12:00:00+00:00,2026-01-15 12:00:00+00:00,8,1.0
LizAnnSonders,2026-01-16 12:00:00+00:00,2026-01-16 12:00:00+00:00,6,1.0
OptexSignals,2025-02-26 10:00:00+00:00,2025-02-26 10:00:00+00:00,3,1.0
OptexSignals,2025-08-22 23:00:00+00:00,2025-08-22 23:00:00+00:00,3,1.0
OptexSignals,2025-09-04 20:00:00+00:00,2025-09-04 20:00:00+00:00,4,1.0
OptexSignals,2025-10-12 21:00:00+00:00,2025-10-12 21:00:00+00:00,4,1.0
RedDogT3,2025-09-12 12:00:00+00:00,2025-09-12 12:00:00+00:00,6,1.0
RedDogT3,2025-09-17 12:00:00+00:00,2025-09-17 12:00:00+00:00,6,1.0
RedDogT3,2025-09-18 12:00:00+00:00,2025-09-18 12:00:00+00:00,4,1.0
RedDogT3,2025-09-19 20:00:00+00:00,2025-09-19 20:00:00+00:00,4,1.0
RedDogT3,2025-09-22 15:00:00+00:00,2025-09-22 15:00:00+00:00,7,1.0
RedDogT3,2025-09-23 14:00:00+00:00,2025-09-23 14:00:00+00:00,7,1.0
RedDogT3,2025-09-25 12:00:00+00:00,2025-09-25 12:00:00+00:00,5,1.0
RedDogT3,2025-09-29 12:00:00+00:00,2025-09-29 12:00:00+00:00,5,1.0
RedDogT3,2025-10-01 14:00:00+00:00,2025-10-01 14:00:00+00:00,4,1.0
RedDogT3,2025-10-03 12:00:00+00:00,2025-10-03 12:00:00+00:00,5,1.0
RedDogT3,2025-10-03 15:00:00+00:00,2025-10-03 15:00:00+00:00,4,1.0
RedDogT3,2025-10-04 10:00:00+00:00,2025-10-04 10:00:00+00:00,5,1.0
RedDogT3,2025-10-05 16:00:00+00:00,2025-10-05 16:00:00+00:00,5,1.0
RedDogT3,2025-10-07 13:00:00+00:00,2025-10-07 13:00:00+00:00,4,1.0
RedDogT3,2025-10-08 20:00:00+00:00,2025-10-08 20:00:00+00:00,5,1.0
RedDogT3,2025-10-09 21:00:00+00:00,2025-10-09 21:00:00+00:00,6,1.0
RedDogT3,2025-10-14 16:00:00+00:00,2025-10-14 16:00:00+00:00,6,1.0
RedDogT3,2025-10-15 12:00:00+00:00,2025-10-15 12:00:00+00:00,6,1.0
RedDogT3,2025-10-19 13:00:00+00:00,2025-10-19 13:00:00+00:00,6,1.0
RedDogT3,2025-10-21 12:00:00+00:00,2025-10-21 12:00:00+00:00,5,1.0
RedDogT3,2025-10-22 12:00:00+00:00,2025-10-22 12:00:00+00:00,5,1.0
RedDogT3,2025-10-23 12:00:00+00:00,2025-10-23 12:00:00+00:00,4,1.0
RedDogT3,2025-10-26 10:00:00+00:00,2025-10-26 10:00:00+00:00,4,1.0
RedDogT3,2025-10-27 12:00:00+00:00,2025-10-27 12:00:00+00:00,5,1.0
RedDogT3,2025-10-28 12:00:00+00:00,2025-10-28 12:00:00+00:00,4,1.0
RedDogT3,2025-10-28 20:00:00+00:00,2025-10-28 20:00:00+00:00,4,1.0
RedDogT3,2025-10-29 12:00:00+00:00,2025-10-29 12:00:00+00:00,4,1.0
RedDogT3,2025-10-30 12:00:00+00:00,2025-10-30 12:00:00+00:00,4,1.0
RedDogT3,2025-10-30 15:00:00+00:00,2025-10-30 15:00:00+00:00,4,1.0
RedDogT3,2025-10-30 21:00:00+00:00,2025-10-30 21:00:00+00:00,4,1.0
RedDogT3,2025-10-31 12:00:00+00:00,2025-10-31 12:00:00+00:00,5,1.0
RedDogT3,2025-11-03 13:00:00+00:00,2025-11-03 13:00:00+00:00,5,1.0
RedDogT3,2025-11-04 13:00:00+00:00,2025-11-04 13:00:00+00:00,6,1.0
RedDogT3,2025-11-05 13:00:00+00:00,2025-11-05 13:00:00+00:00,4,1.0
RedDogT3,2025-11-05 21:00:00+00:00,2025-11-05 22:00:00+00:00,5,2.0
RedDogT3,2025-11-07 13:00:00+00:00,2025-11-07 13:00:00+00:00,4,1.0
RedDogT3,2025-11-12 15:00:00+00:00,2025-11-12 15:00:00+00:00,5,1.0
RedDogT3,2025-11-13 14:00:00+00:00,2025-11-13 14:00:00+00:00,5,1.0
RedDogT3,2025-11-13 22:00:00+00:00,2025-11-13 22:00:00+00:00,6,1.0
RedDogT3,2025-11-14 13:00:00+00:00,2025-11-14 13:00:00+00:00,6,1.0
RedDogT3,2025-11-15 13:00:00+00:00,2025-11-15 13:00:00+00:00,5,1.0
RedDogT3,2025-11-20 22:00:00+00:00,2025-11-20 22:00:00+00:00,4,1.0
RedDogT3,2025-11-22 13:00:00+00:00,2025-11-22 13:00:00+00:00,6,1.0
RedDogT3,2025-11-25 13:00:00+00:00,2025-11-25 13:00:00+00:00,4,1.0
RedDogT3,2025-11-25 15:00:00+00:00,2025-11-25 15:00:00+00:00,5,1.0
RedDogT3,2025-11-25 22:00:00+00:00,2025-11-25 22:00:00+00:00,5,1.0
RedDogT3,2025-11-28 13:00:00+00:00,2025-11-28 13:00:00+00:00,6,1.0
RedDogT3,2025-11-28 16:00:00+00:00,2025-11-28 16:00:00+00:00,5,1.0
RedDogT3,2025-12-02 13:00:00+00:00,2025-12-02 13:00:00+00:00,5,1.0
RedDogT3,2025-12-02 16:00:00+00:00,2025-12-02 16:00:00+00:00,5,1.0
RedDogT3,2025-12-03 13:00:00+00:00,2025-12-03 13:00:00+00:00,7,1.0
RedDogT3,2025-12-04 21:00:00+00:00,2025-12-04 21:00:00+00:00,8,1.0
RedDogT3,2025-12-05 21:00:00+00:00,2025-12-05 21:00:00+00:00,6,1.0
RedDogT3,2025-12-09 13:00:00+00:00,2025-12-09 13:00:00+00:00,6,1.0
RedDogT3,2025-12-10 13:00:00+00:00,2025-12-10 13:00:00+00:00,8,1.0
RedDogT3,2025-12-11 13:00:00+00:00,2025-12-11 13:00:00+00:00,5,1.0
RedDogT3,2025-12-15 13:00:00+00:00,2025-12-15 13:00:00+00:00,7,1.0
RedDogT3,2025-12-17 13:00:00+00:00,2025-12-17 14:00:00+00:00,6,2.0
RedDogT3,2025-12-18 13:00:00+00:00,2025-12-18 13:00:00+00:00,4,1.0
RedDogT3,2025-12-22 13:00:00+00:00,2025-12-22 13:00:00+00:00,9,1.0
RedDogT3,2025-12-26 13:00:00+00:00,2025-12-26 13:00:00+00:00,5,1.0
RedDogT3,2025-12-26 16:00:00+00:00,2025-12-26 16:00:00+00:00,5,1.0
RedDogT3,2025-12-27 14:00:00+00:00,2025-12-27 14:00:00+00:00,7,1.0
RedDogT3,2025-12-30 13:00:00+00:00,2025-12-30 13:00:00+00:00,5,1.0
RedDogT3,2025-12-30 22:00:00+00:00,2025-12-30 22:00:00+00:00,4,1.0
RedDogT3,2025-12-31 13:00:00+00:00,2025-12-31 13:00:00+00:00,4,1.0
RedDogT3,2025-12-31 15:00:00+00:00,2025-12-31 15:00:00+00:00,5,1.0
RedDogT3,2026-01-02 13:00:00+00:00,2026-01-02 13:00:00+00:00,6,1.0
RedDogT3,2026-01-02 22:00:00+00:00,2026-01-02 22:00:00+00:00,5,1.0
RedDogT3,2026-01-03 13:00:00+00:00,2026-01-03 13:00:00+00:00,7,1.0
RedDogT3,2026-01-05 14:00:00+00:00,2026-01-05 14:00:00+00:00,5,1.0
RedDogT3,2026-01-06 13:00:00+00:00,2026-01-06 13:00:00+00:00,5,1.0
RedDogT3,2026-01-07 14:00:00+00:00,2026-01-07 14:00:00+00:00,5,1.0
RedDogT3,2026-01-08 13:00:00+00:00,2026-01-08 13:00:00+00:00,5,1.0
RedDogT3,2026-01-08 20:00:00+00:00,2026-01-08 20:00:00+00:00,7,1.0
RedDogT3,2026-01-09 16:00:00+00:00,2026-01-09 16:00:00+00:00,5,1.0
RedDogT3,2026-01-14 13:00:00+00:00,2026-01-14 13:00:00+00:00,4,1.0
RedDogT3,2026-01-14 19:00:00+00:00,2026-01-14 19:00:00+00:00,4,1.0
RedDogT3,2026-01-14 22:00:00+00:00,2026-01-14 22:00:00+00:00,4,1.0
RedDogT3,2026-01-15 13:00:00+00:00,2026-01-15 13:00:00+00:00,8,1.0
RedDogT3,2026-01-16 13:00:00+00:00,2026-01-16 13:00:00+00:00,6,1.0
RedDogT3,2026-01-16 21:00:00+00:00,2026-01-16 21:00:00+00:00,5,1.0
RedDogT3,2026-01-20 14:00:00+00:00,2026-01-20 14:00:00+00:00,5,1.0
RichardMoglen,2024-09-26 14:00:00+00:00,2024-09-26 15:00:00+00:00,7,2.0
RichardMoglen,2024-09-29 17:00:00+00:00,2024-09-29 17:00:00+00:00,4,1.0
RichardMoglen,2024-09-30 14:00:00+00:00,2024-09-30 14:00:00+00:00,3,1.0
RichardMoglen,2024-10-02 14:00:00+00:00,2024-10-02 14:00:00+00:00,3,1.0
RichardMoglen,2024-10-03 20:00:00+00:00,2024-10-03 20:00:00+00:00,8,1.0
RichardMoglen,2024-10-04 19:00:00+00:00,2024-10-04 19:00:00+00:00,6,1.0
RichardMoglen,2024-10-08 16:00:00+00:00,2024-10-08 16:00:00+00:00,5,1.0
RichardMoglen,2024-10-10 14:00:00+00:00,2024-10-10 14:00:00+00:00,7,1.0
RichardMoglen,2024-10-11 20:00:00+00:00,2024-10-11 20:00:00+00:00,3,1.0
RichardMoglen,2024-10-15 16:00:00+00:00,2024-10-15 16:00:00+00:00,4,1.0
RichardMoglen,2024-10-17 16:00:00+00:00,2024-10-17 16:00:00+00:00,3,1.0
RichardMoglen,2024-10-18 20:00:00+00:00,2024-10-18 20:00:00+00:00,4,1.0
RichardMoglen,2024-10-19 14:00:00+00:00,2024-10-19 14:00:00+00:00,3,1.0
RichardMoglen,2024-10-21 14:00:00+00:00,2024-10-21 14:00:00+00:00,7,1.0
RichardMoglen,2024-10-22 13:00:00+00:00,2024-10-22 13:00:00+00:00,5,1.0
RichardMoglen,2024-10-26 12:00:00+00:00,2024-10-26 12:00:00+00:00,3,1.0
RichardMoglen,2024-10-28 01:00:00+00:00,2024-10-28 01:00:00+00:00,4,1.0
RichardMoglen,2024-10-30 14:00:00+00:00,2024-10-30 14:00:00+00:00,4,1.0
RichardMoglen,2024-11-04 21:00:00+00:00,2024-11-04 21:00:00+00:00,5,1.0
RichardMoglen,2024-11-05 14:00:00+00:00,2024-11-05 14:00:00+00:00,3,1.0
RichardMoglen,2024-11-05 17:00:00+00:00,2024-11-05 17:00:00+00:00,3,1.0
RichardMoglen,2024-11-05 21:00:00+00:00,2024-11-05 21:00:00+00:00,5,1.0
RichardMoglen,2024-11-05 23:00:00+00:00,2024-11-05 23:00:00+00:00,3,1.0
RichardMoglen,2024-11-06 15:00:00+00:00,2024-11-06 15:00:00+00:00,4,1.0
RichardMoglen,2024-11-06 17:00:00+00:00,2024-11-06 18:00:00+00:00,3,2.0
RichardMoglen,2024-11-08 21:00:00+00:00,2024-11-08 21:00:00+00:00,7,1.0
RichardMoglen,2024-11-13 18:00:00+00:00,2024-11-13 18:00:00+00:00,5,1.0
RichardMoglen,2024-11-15 16:00:00+00:00,2024-11-15 16:00:00+00:00,5,1.0
RichardMoglen,2024-11-15 20:00:00+00:00,2024-11-15 21:00:00+00:00,6,2.0
RichardMoglen,2024-11-19 18:00:00+00:00,2024-11-19 18:00:00+00:00,6,1.0
RichardMoglen,2024-11-20 21:00:00+00:00,2024-11-20 21:00:00+00:00,6,1.0
RichardMoglen,2024-11-21 15:00:00+00:00,2024-11-21 15:00:00+00:00,6,1.0
RichardMoglen,2024-12-05 16:00:00+00:00,2024-12-05 16:00:00+00:00,12,1.0
RichardMoglen,2024-12-13 15:00:00+00:00,2024-12-13 15:00:00+00:00,4,1.0
RichardMoglen,2024-12-20 14:00:00+00:00,2024-12-20 14:00:00+00:00,7,1.0
RichardMoglen,2024-12-21 15:00:00+00:00,2024-12-21 15:00:00+00:00,3,1.0
RichardMoglen,2024-12-24 19:00:00+00:00,2024-12-24 19:00:00+00:00,7,1.0
RichardMoglen,2024-12-28 15:00:00+00:00,2024-12-28 15:00:00+00:00,3,1.0
RichardMoglen,2025-01-03 21:00:00+00:00,2025-01-03 21:00:00+00:00,3,1.0
RichardMoglen,2025-01-04 15:00:00+00:00,2025-01-04 15:00:00+00:00,3,1.0
RichardMoglen,2025-01-07 21:00:00+00:00,2025-01-07 21:00:00+00:00,3,1.0
RichardMoglen,2025-01-10 18:00:00+00:00,2025-01-10 18:00:00+00:00,10,1.0
RichardMoglen,2025-01-13 21:00:00+00:00,2025-01-13 21:00:00+00:00,4,1.0
RichardMoglen,2025-01-17 22:00:00+00:00,2025-01-17 22:00:00+00:00,3,1.0
RichardMoglen,2025-01-21 18:00:00+00:00,2025-01-21 18:00:00+00:00,11,1.0
RichardMoglen,2025-01-27 14:00:00+00:00,2025-01-27 14:00:00+00:00,4,1.0
RichardMoglen,2025-01-31 21:00:00+00:00,2025-01-31 21:00:00+00:00,3,1.0
RichardMoglen,2025-02-06 22:00:00+00:00,2025-02-06 22:00:00+00:00,3,1.0
RichardMoglen,2025-02-10 18:00:00+00:00,2025-02-10 18:00:00+00:00,4,1.0
RichardMoglen,2025-02-12 21:00:00+00:00,2025-02-12 21:00:00+00:00,3,1.0
RichardMoglen,2025-02-17 16:00:00+00:00,2025-02-17 16:00:00+00:00,3,1.0
RichardMoglen,2025-02-22 21:00:00+00:00,2025-02-22 21:00:00+00:00,5,1.0
RichardMoglen,2025-02-25 16:00:00+00:00,2025-02-25 16:00:00+00:00,3,1.0
RichardMoglen,2025-02-28 19:00:00+00:00,2025-02-28 19:00:00+00:00,3,1.0
RichardMoglen,2025-03-01 19:00:00+00:00,2025-03-01 19:00:00+00:00,3,1.0
RichardMoglen,2025-03-02 02:00:00+00:00,2025-03-02 02:00:00+00:00,3,1.0
RichardMoglen,2025-03-02 15:00:00+00:00,2025-03-02 15:00:00+00:00,5,1.0
RichardMoglen,2025-03-05 21:00:00+00:00,2025-03-05 21:00:00+00:00,3,1.0
RichardMoglen,2025-03-15 13:00:00+00:00,2025-03-15 13:00:00+00:00,4,1.0
RichardMoglen,2025-03-22 20:00:00+00:00,2025-03-22 20:00:00+00:00,4,1.0
RichardMoglen,2025-03-24 14:00:00+00:00,2025-03-24 14:00:00+00:00,3,1.0
RichardMoglen,2025-03-28 13:00:00+00:00,2025-03-28 13:00:00+00:00,3,1.0
RichardMoglen,2025-04-03 14:00:00+00:00,2025-04-03 14:00:00+00:00,3,1.0
RichardMoglen,2025-04-03 19:00:00+00:00,2025-04-03 19:00:00+00:00,3,1.0
RichardMoglen,2025-04-15 20:00:00+00:00,2025-04-15 20:00:00+00:00,5,1.0
RichardMoglen,2025-04-22 14:00:00+00:00,2025-04-22 14:00:00+00:00,3,1.0
RichardMoglen,2025-04-24 21:00:00+00:00,2025-04-24 21:00:00+00:00,10,1.0
RichardMoglen,2025-04-25 14:00:00+00:00,2025-04-25 14:00:00+00:00,3,1.0
RichardMoglen,2025-05-02 16:00:00+00:00,2025-05-02 16:00:00+00:00,3,1.0
RichardMoglen,2025-05-05 14:00:00+00:00,2025-05-05 14:00:00+00:00,5,1.0
RichardMoglen,2025-05-07 17:00:00+00:00,2025-05-07 17:00:00+00:00,3,1.0
RichardMoglen,2025-05-12 19:00:00+00:00,2025-05-12 19:00:00+00:00,5,1.0
RichardMoglen,2025-05-16 18:00:00+00:00,2025-05-16 18:00:00+00:00,11,1.0
RichardMoglen,2025-05-19 14:00:00+00:00,2025-05-19 14:00:00+00:00,4,1.0
RichardMoglen,2025-05-21 15:00:00+00:00,2025-05-21 15:00:00+00:00,6,1.0
RichardMoglen,2025-06-05 20:00:00+00:00,2025-06-05 20:00:00+00:00,4,1.0
RichardMoglen,2025-06-07 15:00:00+00:00,2025-06-07 15:00:00+00:00,3,1.0
RichardMoglen,2025-06-09 17:00:00+00:00,2025-06-09 17:00:00+00:00,3,1.0
RichardMoglen,2025-06-11 19:00:00+00:00,2025-06-11 19:00:00+00:00,3,1.0
RichardMoglen,2025-06-18 17:00:00+00:00,2025-06-18 17:00:00+00:00,5,1.0
RichardMoglen,2025-06-25 13:00:00+00:00,2025-06-25 13:00:00+00:00,5,1.0
RichardMoglen,2025-07-02 13:00:00+00:00,2025-07-02 13:00:00+00:00,3,1.0
RichardMoglen,2025-07-12 13:00:00+00:00,2025-07-12 13:00:00+00:00,3,1.0
RichardMoglen,2025-07-12 22:00:00+00:00,2025-07-12 22:00:00+00:00,3,1.0
RichardMoglen,2025-07-13 13:00:00+00:00,2025-07-13 13:00:00+00:00,5,1.0
RichardMoglen,2025-07-13 15:00:00+00:00,2025-07-13 15:00:00+00:00,4,1.0
RichardMoglen,2025-07-19 13:00:00+00:00,2025-07-19 13:00:00+00:00,7,1.0
RichardMoglen,2025-07-20 13:00:00+00:00,2025-07-20 13:00:00+00:00,5,1.0
RichardMoglen,2025-07-20 16:00:00+00:00,2025-07-20 16:00:00+00:00,3,1.0
RichardMoglen,2025-07-23 13:00:00+00:00,2025-07-23 13:00:00+00:00,3,1.0
RichardMoglen,2025-07-26 13:00:00+00:00,2025-07-26 13:00:00+00:00,3,1.0
RichardMoglen,2025-07-27 13:00:00+00:00,2025-07-27 13:00:00+00:00,5,1.0
RichardMoglen,2025-07-31 02:00:00+00:00,2025-07-31 02:00:00+00:00,3,1.0
RichardMoglen,2025-08-22 15:00:00+00:00,2025-08-22 15:00:00+00:00,3,1.0
RichardMoglen,2025-09-02 22:00:00+00:00,2025-09-02 22:00:00+00:00,3,1.0
RichardMoglen,2025-09-05 20:00:00+00:00,2025-09-05 20:00:00+00:00,5,1.0
RichardMoglen,2025-09-09 17:00:00+00:00,2025-09-09 17:00:00+00:00,6,1.0
RichardMoglen,2025-09-17 15:00:00+00:00,2025-09-17 15:00:00+00:00,4,1.0
RichardMoglen,2025-09-18 17:00:00+00:00,2025-09-18 17:00:00+00:00,6,1.0
RichardMoglen,2025-09-21 15:00:00+00:00,2025-09-21 15:00:00+00:00,3,1.0
RichardMoglen,2025-09-26 20:00:00+00:00,2025-09-26 20:00:00+00:00,3,1.0
RichardMoglen,2025-09-30 16:00:00+00:00,2025-09-30 16:00:00+00:00,3,1.0
RichardMoglen,2025-10-03 15:00:00+00:00,2025-10-03 15:00:00+00:00,3,1.0
RichardMoglen,2025-10-03 17:00:00+00:00,2025-10-03 17:00:00+00:00,3,1.0
RichardMoglen,2025-10-03 19:00:00+00:00,2025-10-03 19:00:00+00:00,4,1.0
RichardMoglen,2025-10-05 21:00:00+00:00,2025-10-05 21:00:00+00:00,6,1.0
RichardMoglen,2025-10-06 13:00:00+00:00,2025-10-06 13:00:00+00:00,5,1.0
RichardMoglen,2025-10-06 17:00:00+00:00,2025-10-06 17:00:00+00:00,4,1.0
RichardMoglen,2025-10-24 22:00:00+00:00,2025-10-24 22:00:00+00:00,4,1.0
RichardMoglen,2025-10-26 00:00:00+00:00,2025-10-26 00:00:00+00:00,3,1.0
RichardMoglen,2025-10-27 18:00:00+00:00,2025-10-27 18:00:00+00:00,3,1.0
RichardMoglen,2025-11-12 15:00:00+00:00,2025-11-12 16:00:00+00:00,6,2.0
RichardMoglen,2025-11-19 14:00:00+00:00,2025-11-19 14:00:00+00:00,3,1.0
RichardMoglen,2025-11-20 16:00:00+00:00,2025-11-20 16:00:00+00:00,5,1.0
RichardMoglen,2025-11-21 21:00:00+00:00,2025-11-21 21:00:00+00:00,4,1.0
RichardMoglen,2025-11-25 18:00:00+00:00,2025-11-25 18:00:00+00:00,3,1.0
RichardMoglen,2025-11-26 22:00:00+00:00,2025-11-26 22:00:00+00:00,5,1.0
RichardMoglen,2025-11-28 13:00:00+00:00,2025-11-28 13:00:00+00:00,9,1.0
RichardMoglen,2025-12-02 14:00:00+00:00,2025-12-02 14:00:00+00:00,3,1.0
RichardMoglen,2025-12-07 23:00:00+00:00,2025-12-07 23:00:00+00:00,3,1.0
RichardMoglen,2025-12-09 00:00:00+00:00,2025-12-09 00:00:00+00:00,6,1.0
RichardMoglen,2025-12-10 00:00:00+00:00,2025-12-10 00:00:00+00:00,3,1.0
RichardMoglen,2025-12-10 15:00:00+00:00,2025-12-10 15:00:00+00:00,3,1.0
RichardMoglen,2025-12-11 16:00:00+00:00,2025-12-11 16:00:00+00:00,4,1.0
RichardMoglen,2025-12-12 17:00:00+00:00,2025-12-12 17:00:00+00:00,4,1.0
RichardMoglen,2025-12-16 00:00:00+00:00,2025-12-16 00:00:00+00:00,5,1.0
RichardMoglen,2025-12-24 21:00:00+00:00,2025-12-24 21:00:00+00:00,3,1.0
RichardMoglen,2026-01-06 00:00:00+00:00,2026-01-06 00:00:00+00:00,4,1.0
RichardMoglen,2026-01-06 22:00:00+00:00,2026-01-06 22:00:00+00:00,4,1.0
RichardMoglen,2026-01-13 00:00:00+00:00,2026-01-13 00:00:00+00:00,7,1.0
RichardMoglen,2026-01-13 18:00:00+00:00,2026-01-13 18:00:00+00:00,3,1.0
RichardMoglen,2026-01-15 01:00:00+00:00,2026-01-15 01:00:00+00:00,3,1.0
RichardMoglen,2026-01-17 16:00:00+00:00,2026-01-17 16:00:00+00:00,3,1.0
TicTocTick,2025-11-18 03:00:00+00:00,2025-11-18 03:00:00+00:00,3,1.0
TicTocTick,2025-11-19 21:00:00+00:00,2025-11-19 21:00:00+00:00,5,1.0
TicTocTick,2025-11-19 23:00:00+00:00,2025-11-19 23:00:00+00:00,3,1.0
TicTocTick,2025-11-20 13:00:00+00:00,2025-11-20 13:00:00+00:00,3,1.0
TicTocTick,2025-11-20 16:00:00+00:00,2025-11-20 16:00:00+00:00,3,1.0
TicTocTick,2025-11-21 02:00:00+00:00,2025-11-21 02:00:00+00:00,3,1.0
TicTocTick,2025-11-21 16:00:00+00:00,2025-11-21 16:00:00+00:00,3,1.0
TicTocTick,2025-11-24 18:00:00+00:00,2025-11-24 18:00:00+00:00,4,1.0
TicTocTick,2025-11-25 19:00:00+00:00,2025-11-25 19:00:00+00:00,5,1.0
TicTocTick,2025-11-27 15:00:00+00:00,2025-11-27 15:00:00+00:00,4,1.0
TicTocTick,2025-11-28 13:00:00+00:00,2025-11-28 13:00:00+00:00,6,1.0
TicTocTick,2025-12-01 14:00:00+00:00,2025-12-01 14:00:00+00:00,4,1.0
TicTocTick,2025-12-02 15:00:00+00:00,2025-12-02 15:00:00+00:00,5,1.0
TicTocTick,2025-12-03 22:00:00+00:00,2025-12-03 22:00:00+00:00,4,1.0
TicTocTick,2025-12-05 15:00:00+00:00,2025-12-05 15:00:00+00:00,7,1.0
TicTocTick,2025-12-06 19:00:00+00:00,2025-12-06 19:00:00+00:00,5,1.0
TicTocTick,2025-12-08 16:00:00+00:00,2025-12-08 16:00:00+00:00,7,1.0
TicTocTick,2025-12-10 19:00:00+00:00,2025-12-10 19:00:00+00:00,9,1.0
TicTocTick,2025-12-12 17:00:00+00:00,2025-12-12 17:00:00+00:00,6,1.0
TicTocTick,2025-12-13 23:00:00+00:00,2025-12-13 23:00:00+00:00,5,1.0
TicTocTick,2025-12-15 22:00:00+00:00,2025-12-15 22:00:00+00:00,5,1.0
TicTocTick,2025-12-18 00:00:00+00:00,2025-12-18 00:00:00+00:00,4,1.0
TicTocTick,2025-12-19 18:00:00+00:00,2025-12-19 18:00:00+00:00,6,1.0
TicTocTick,2025-12-20 16:00:00+00:00,2025-12-20 16:00:00+00:00,5,1.0
TicTocTick,2025-12-22 16:00:00+00:00,2025-12-22 16:00:00+00:00,6,1.0
TicTocTick,2025-12-26 17:00:00+00:00,2025-12-26 17:00:00+00:00,4,1.0
TicTocTick,2025-12-26 20:00:00+00:00,2025-12-26 20:00:00+00:00,9,1.0
TicTocTick,2025-12-27 19:00:00+00:00,2025-12-27 19:00:00+00:00,4,1.0
TicTocTick,2025-12-29 00:00:00+00:00,2025-12-29 00:00:00+00:00,6,1.0
TicTocTick,2025-12-29 16:00:00+00:00,2025-12-29 16:00:00+00:00,7,1.0
TicTocTick,2025-12-29 20:00:00+00:00,2025-12-29 20:00:00+00:00,7,1.0
TicTocTick,2025-12-30 14:00:00+00:00,2025-12-30 14:00:00+00:00,7,1.0
TicTocTick,2026-01-01 17:00:00+00:00,2026-01-01 17:00:00+00:00,6,1.0
TicTocTick,2026-01-02 16:00:00+00:00,2026-01-02 16:00:00+00:00,6,1.0
TicTocTick,2026-01-03 15:00:00+00:00,2026-01-03 15:00:00+00:00,5,1.0
TicTocTick,2026-01-05 14:00:00+00:00,2026-01-05 14:00:00+00:00,5,1.0
TicTocTick,2026-01-05 16:00:00+00:00,2026-01-05 16:00:00+00:00,5,1.0
TicTocTick,2026-01-05 18:00:00+00:00,2026-01-05 18:00:00+00:00,6,1.0
TicTocTick,2026-01-06 13:00:00+00:00,2026-01-06 13:00:00+00:00,5,1.0
TicTocTick,2026-01-06 21:00:00+00:00,2026-01-06 21:00:00+00:00,5,1.0
TicTocTick,2026-01-07 15:00:00+00:00,2026-01-07 15:00:00+00:00,5,1.0
TicTocTick,2026-01-07 21:00:00+00:00,2026-01-07 21:00:00+00:00,6,1.0
TicTocTick,2026-01-08 14:00:00+00:00,2026-01-08 14:00:00+00:00,6,1.0
TicTocTick,2026-01-10 16:00:00+00:00,2026-01-10 16:00:00+00:00,6,1.0
TicTocTick,2026-01-11 21:00:00+00:00,2026-01-11 21:00:00+00:00,10,1.0
TicTocTick,2026-01-12 21:00:00+00:00,2026-01-12 21:00:00+00:00,8,1.0
TicTocTick,2026-01-13 02:00:00+00:00,2026-01-13 02:00:00+00:00,7,1.0
TicTocTick,2026-01-19 13:00:00+00:00,2026-01-19 13:00:00+00:00,6,1.0
TicTocTick,2026-01-20 14:00:00+00:00,2026-01-20 14:00:00+00:00,8,1.0
TicTocTick,2026-01-20 21:00:00+00:00,2026-01-20 21:00:00+00:00,6,1.0
TrendSpider,2025-10-13 12:00:00+00:00,2025-10-13 12:00:00+00:00,3,1.0
TrendSpider,2025-10-14 12:00:00+00:00,2025-10-14 12:00:00+00:00,8,1.0
TrendSpider,2025-10-16 12:00:00+00:00,2025-10-16 12:00:00+00:00,4,1.0
TrendSpider,2025-10-21 12:00:00+00:00,2025-10-21 12:00:00+00:00,6,1.0
TrendSpider,2025-10-21 20:00:00+00:00,2025-10-21 20:00:00+00:00,5,1.0
TrendSpider,2025-10-28 12:00:00+00:00,2025-10-28 12:00:00+00:00,6,1.0
TrendSpider,2025-10-29 12:00:00+00:00,2025-10-29 12:00:00+00:00,4,1.0
TrendSpider,2025-10-29 20:00:00+00:00,2025-10-29 20:00:00+00:00,7,1.0
TrendSpider,2025-10-30 12:00:00+00:00,2025-10-30 12:00:00+00:00,4,1.0
TrendSpider,2025-10-30 20:00:00+00:00,2025-10-30 20:00:00+00:00,8,1.0
TrendSpider,2025-11-05 21:00:00+00:00,2025-11-05 21:00:00+00:00,6,1.0
TrendSpider,2025-11-06 21:00:00+00:00,2025-11-06 21:00:00+00:00,7,1.0
TrendSpider,2025-11-17 13:00:00+00:00,2025-11-17 13:00:00+00:00,3,1.0
TrendSpider,2025-11-19 13:00:00+00:00,2025-11-19 13:00:00+00:00,3,1.0
TrendSpider,2025-11-19 20:00:00+00:00,2025-11-19 21:00:00+00:00,5,2.0
TrendSpider,2025-11-25 13:00:00+00:00,2025-11-25 13:00:00+00:00,5,1.0
TrendSpider,2025-11-28 13:00:00+00:00,2025-11-28 13:00:00+00:00,4,1.0
TrendSpider,2025-12-02 21:00:00+00:00,2025-12-02 21:00:00+00:00,4,1.0
TrendSpider,2025-12-03 21:00:00+00:00,2025-12-03 21:00:00+00:00,3,1.0
TrendSpider,2025-12-05 22:00:00+00:00,2025-12-05 22:00:00+00:00,4,1.0
TrendSpider,2025-12-10 21:00:00+00:00,2025-12-10 21:00:00+00:00,4,1.0
TrendSpider,2025-12-11 21:00:00+00:00,2025-12-11 21:00:00+00:00,6,1.0
TrendSpider,2025-12-18 13:00:00+00:00,2025-12-18 13:00:00+00:00,4,1.0
TrendSpider,2025-12-18 21:00:00+00:00,2025-12-18 21:00:00+00:00,3,1.0
TrendSpider,2025-12-22 13:00:00+00:00,2025-12-22 13:00:00+00:00,3,1.0
TrendSpider,2025-12-30 18:00:00+00:00,2025-12-30 18:00:00+00:00,3,1.0
TrendSpider,2026-01-13 13:00:00+00:00,2026-01-13 13:00:00+00:00,3,1.0
TrendSpider,2026-01-14 13:00:00+00:00,2026-01-14 13:00:00+00:00,5,1.0
TrendSpider,2026-01-15 13:00:00+00:00,2026-01-15 13:00:00+00:00,4,1.0
TrendSpider,2026-01-20 21:00:00+00:00,2026-01-20 21:00:00+00:00,4,1.0
WallStJesus,2026-01-14 19:00:00+00:00,2026-01-14 19:00:00+00:00,4,1.0
WallStJesus,2026-01-16 13:00:00+00:00,2026-01-16 13:00:00+00:00,4,1.0
WallStJesus,2026-01-16 16:00:00+00:00,2026-01-16 16:00:00+00:00,4,1.0
WallStJesus,2026-01-17 17:00:00+00:00,2026-01-17 17:00:00+00:00,4,1.0
WallStJesus,2026-01-20 17:00:00+00:00,2026-01-20 17:00:00+00:00,5,1.0
WalterDeemer,2024-06-05 15:00:00+00:00,2024-06-05 15:00:00+00:00,3,1.0
WalterDeemer,2024-06-18 00:00:00+00:00,2024-06-18 00:00:00+00:00,3,1.0
WalterDeemer,2024-07-03 19:00:00+00:00,2024-07-03 19:00:00+00:00,3,1.0
WalterDeemer,2024-07-24 14:00:00+00:00,2024-07-24 14:00:00+00:00,3,1.0
WalterDeemer,2024-08-07 15:00:00+00:00,2024-08-07 15:00:00+00:00,3,1.0
WalterDeemer,2024-09-19 13:00:00+00:00,2024-09-19 13:00:00+00:00,3,1.0
WalterDeemer,2024-12-31 16:00:00+00:00,2024-12-31 16:00:00+00:00,3,1.0
WalterDeemer,2025-01-17 16:00:00+00:00,2025-01-17 16:00:00+00:00,4,1.0
WalterDeemer,2025-03-19 14:00:00+00:00,2025-03-19 14:00:00+00:00,3,1.0
WalterDeemer,2025-04-08 20:00:00+00:00,2025-04-08 20:00:00+00:00,3,1.0
WalterDeemer,2025-04-09 20:00:00+00:00,2025-04-09 20:00:00+00:00,3,1.0
WalterDeemer,2025-05-29 13:00:00+00:00,2025-05-29 13:00:00+00:00,3,1.0
WalterDeemer,2025-07-31 15:00:00+00:00,2025-07-31 15:00:00+00:00,3,1.0
WalterDeemer,2025-08-01 14:00:00+00:00,2025-08-01 14:00:00+00:00,3,1.0
WalterDeemer,2025-10-16 16:00:00+00:00,2025-10-16 16:00:00+00:00,4,1.0
WalterDeemer,2025-10-31 17:00:00+00:00,2025-10-31 17:00:00+00:00,4,1.0
WalterDeemer,2025-11-25 18:00:00+00:00,2025-11-25 18:00:00+00:00,3,1.0
alphatrends,2024-05-16 15:00:00+00:00,2024-05-16 15:00:00+00:00,3,1.0
alphatrends,2024-06-04 17:00:00+00:00,2024-06-04 17:00:00+00:00,3,1.0
alphatrends,2024-06-14 00:00:00+00:00,2024-06-14 00:00:00+00:00,3,1.0
alphatrends,2024-06-20 15:00:00+00:00,2024-06-20 15:00:00+00:00,3,1.0
alphatrends,2024-07-30 16:00:00+00:00,2024-07-30 16:00:00+00:00,3,1.0
alphatrends,2024-09-20 15:00:00+00:00,2024-09-20 15:00:00+00:00,3,1.0
alphatrends,2024-10-10 16:00:00+00:00,2024-10-10 16:00:00+00:00,3,1.0
alphatrends,2024-10-31 15:00:00+00:00,2024-10-31 15:00:00+00:00,3,1.0
alphatrends,2024-11-12 17:00:00+00:00,2024-11-12 17:00:00+00:00,3,1.0
alphatrends,2024-12-05 02:00:00+00:00,2024-12-05 02:00:00+00:00,3,1.0
alphatrends,2024-12-18 21:00:00+00:00,2024-12-18 21:00:00+00:00,3,1.0
alphatrends,2025-02-06 19:00:00+00:00,2025-02-06 19:00:00+00:00,3,1.0
alphatrends,2025-02-25 14:00:00+00:00,2025-02-25 14:00:00+00:00,3,1.0
alphatrends,2025-02-25 16:00:00+00:00,2025-02-25 16:00:00+00:00,3,1.0
alphatrends,2025-02-26 02:00:00+00:00,2025-02-26 02:00:00+00:00,5,1.0
alphatrends,2025-02-28 02:00:00+00:00,2025-02-28 02:00:00+00:00,3,1.0
alphatrends,2025-04-08 19:00:00+00:00,2025-04-08 19:00:00+00:00,3,1.0
alphatrends,2025-04-11 02:00:00+00:00,2025-04-11 02:00:00+00:00,4,1.0
alphatrends,2025-06-13 02:00:00+00:00,2025-06-13 02:00:00+00:00,3,1.0
alphatrends,2025-07-13 22:00:00+00:00,2025-07-13 22:00:00+00:00,3,1.0
alphatrends,2025-07-15 15:00:00+00:00,2025-07-15 15:00:00+00:00,4,1.0
alphatrends,2025-10-02 01:00:00+00:00,2025-10-02 01:00:00+00:00,3,1.0
alphatrends,2025-12-01 00:00:00+00:00,2025-12-01 00:00:00+00:00,3,1.0
alphatrends,2025-12-07 22:00:00+00:00,2025-12-07 22:00:00+00:00,3,1.0
alphatrends,2025-12-27 13:00:00+00:00,2025-12-27 13:00:00+00:00,3,1.0
alphatrends,2026-01-14 16:00:00+00:00,2026-01-14 16:00:00+00:00,3,1.0
awealthofcs,2024-04-10 13:00:00+00:00,2024-04-10 13:00:00+00:00,5,1.0
awealthofcs,2024-06-12 13:00:00+00:00,2024-06-12 13:00:00+00:00,3,1.0
awealthofcs,2024-08-05 13:00:00+00:00,2024-08-05 13:00:00+00:00,3,1.0
awealthofcs,2024-10-30 13:00:00+00:00,2024-10-30 13:00:00+00:00,4,1.0
awealthofcs,2024-12-05 15:00:00+00:00,2024-12-05 15:00:00+00:00,3,1.0
awealthofcs,2025-04-29 14:00:00+00:00,2025-04-29 14:00:00+00:00,3,1.0
awealthofcs,2025-04-30 13:00:00+00:00,2025-04-30 13:00:00+00:00,4,1.0
awealthofcs,2025-07-09 12:00:00+00:00,2025-07-09 12:00:00+00:00,3,1.0
awealthofcs,2025-11-02 03:00:00+00:00,2025-11-02 03:00:00+00:00,3,1.0
bespokeinvest,2025-07-23 20:00:00+00:00,2025-07-23 20:00:00+00:00,8,1.0
bespokeinvest,2025-07-29 21:00:00+00:00,2025-07-29 21:00:00+00:00,5,1.0
bespokeinvest,2025-07-30 20:00:00+00:00,2025-07-30 21:00:00+00:00,7,2.0
bespokeinvest,2025-07-31 13:00:00+00:00,2025-07-31 13:00:00+00:00,4,1.0
bespokeinvest,2025-07-31 21:00:00+00:00,2025-07-31 21:00:00+00:00,6,1.0
bespokeinvest,2025-08-01 14:00:00+00:00,2025-08-01 14:00:00+00:00,6,1.0
bespokeinvest,2025-08-05 12:00:00+00:00,2025-08-05 12:00:00+00:00,5,1.0
bespokeinvest,2025-08-07 12:00:00+00:00,2025-08-07 12:00:00+00:00,5,1.0
bespokeinvest,2025-08-08 12:00:00+00:00,2025-08-08 12:00:00+00:00,4,1.0
bespokeinvest,2025-08-09 12:00:00+00:00,2025-08-09 12:00:00+00:00,4,1.0
bespokeinvest,2025-08-12 12:00:00+00:00,2025-08-12 13:00:00+00:00,5,2.0
bespokeinvest,2025-08-13 19:00:00+00:00,2025-08-13 19:00:00+00:00,4,1.0
bespokeinvest,2025-08-14 12:00:00+00:00,2025-08-14 12:00:00+00:00,5,1.0
bespokeinvest,2025-08-18 12:00:00+00:00,2025-08-18 13:00:00+00:00,4,2.0
bespokeinvest,2025-08-20 13:00:00+00:00,2025-08-20 14:00:00+00:00,7,2.0
bespokeinvest,2025-08-22 14:00:00+00:00,2025-08-22 14:00:00+00:00,6,1.0
bespokeinvest,2025-08-27 12:00:00+00:00,2025-08-27 12:00:00+00:00,4,1.0
bespokeinvest,2025-08-29 12:00:00+00:00,2025-08-29 12:00:00+00:00,4,1.0
bespokeinvest,2025-09-02 13:00:00+00:00,2025-09-02 13:00:00+00:00,5,1.0
bespokeinvest,2025-09-03 13:00:00+00:00,2025-09-03 13:00:00+00:00,6,1.0
bespokeinvest,2025-09-03 20:00:00+00:00,2025-09-03 20:00:00+00:00,5,1.0
bespokeinvest,2025-09-05 13:00:00+00:00,2025-09-05 13:00:00+00:00,5,1.0
bespokeinvest,2025-09-05 21:00:00+00:00,2025-09-05 21:00:00+00:00,4,1.0
bespokeinvest,2025-09-09 12:00:00+00:00,2025-09-09 12:00:00+00:00,5,1.0
bespokeinvest,2025-09-10 13:00:00+00:00,2025-09-10 13:00:00+00:00,6,1.0
bespokeinvest,2025-09-12 13:00:00+00:00,2025-09-12 13:00:00+00:00,4,1.0
bespokeinvest,2025-09-12 21:00:00+00:00,2025-09-12 21:00:00+00:00,4,1.0
bespokeinvest,2025-09-16 12:00:00+00:00,2025-09-16 12:00:00+00:00,4,1.0
bespokeinvest,2025-09-17 14:00:00+00:00,2025-09-17 14:00:00+00:00,4,1.0
bespokeinvest,2025-09-17 17:00:00+00:00,2025-09-17 18:00:00+00:00,4,2.0
bespokeinvest,2025-09-19 13:00:00+00:00,2025-09-19 13:00:00+00:00,4,1.0
bespokeinvest,2025-09-22 13:00:00+00:00,2025-09-22 13:00:00+00:00,4,1.0
bespokeinvest,2025-09-22 17:00:00+00:00,2025-09-22 17:00:00+00:00,4,1.0
bespokeinvest,2025-09-23 12:00:00+00:00,2025-09-23 12:00:00+00:00,6,1.0
bespokeinvest,2025-09-25 21:00:00+00:00,2025-09-25 21:00:00+00:00,4,1.0
bespokeinvest,2025-09-26 12:00:00+00:00,2025-09-26 12:00:00+00:00,4,1.0
bespokeinvest,2025-09-29 12:00:00+00:00,2025-09-29 12:00:00+00:00,4,1.0
bespokeinvest,2025-10-01 12:00:00+00:00,2025-10-01 12:00:00+00:00,3,1.0
bespokeinvest,2025-10-02 12:00:00+00:00,2025-10-02 12:00:00+00:00,4,1.0
bespokeinvest,2025-10-03 12:00:00+00:00,2025-10-03 12:00:00+00:00,3,1.0
bespokeinvest,2025-10-03 21:00:00+00:00,2025-10-03 21:00:00+00:00,3,1.0
bespokeinvest,2025-10-05 13:00:00+00:00,2025-10-05 13:00:00+00:00,4,1.0
bespokeinvest,2025-10-06 13:00:00+00:00,2025-10-06 13:00:00+00:00,4,1.0
bespokeinvest,2025-10-08 21:00:00+00:00,2025-10-08 21:00:00+00:00,4,1.0
bespokeinvest,2025-10-09 13:00:00+00:00,2025-10-09 13:00:00+00:00,3,1.0
bespokeinvest,2025-10-10 12:00:00+00:00,2025-10-10 12:00:00+00:00,4,1.0
bespokeinvest,2025-10-13 19:00:00+00:00,2025-10-13 19:00:00+00:00,4,1.0
bespokeinvest,2025-10-14 13:00:00+00:00,2025-10-14 13:00:00+00:00,5,1.0
bespokeinvest,2025-10-14 21:00:00+00:00,2025-10-14 21:00:00+00:00,4,1.0
bespokeinvest,2025-10-15 12:00:00+00:00,2025-10-15 13:00:00+00:00,6,2.0
bespokeinvest,2025-10-17 12:00:00+00:00,2025-10-17 12:00:00+00:00,4,1.0
bespokeinvest,2025-10-20 13:00:00+00:00,2025-10-20 13:00:00+00:00,4,1.0
bespokeinvest,2025-10-22 13:00:00+00:00,2025-10-22 13:00:00+00:00,3,1.0
bespokeinvest,2025-10-24 12:00:00+00:00,2025-10-24 12:00:00+00:00,3,1.0
bespokeinvest,2025-10-24 21:00:00+00:00,2025-10-24 21:00:00+00:00,6,1.0
bespokeinvest,2025-10-27 13:00:00+00:00,2025-10-27 13:00:00+00:00,4,1.0
bespokeinvest,2025-10-28 13:00:00+00:00,2025-10-28 13:00:00+00:00,4,1.0
bespokeinvest,2025-10-29 13:00:00+00:00,2025-10-29 13:00:00+00:00,6,1.0
bespokeinvest,2025-10-29 16:00:00+00:00,2025-10-29 16:00:00+00:00,6,1.0
bespokeinvest,2025-10-29 18:00:00+00:00,2025-10-29 18:00:00+00:00,4,1.0
bespokeinvest,2025-10-31 12:00:00+00:00,2025-10-31 12:00:00+00:00,6,1.0
bespokeinvest,2025-11-04 13:00:00+00:00,2025-11-04 13:00:00+00:00,5,1.0
bespokeinvest,2025-11-07 13:00:00+00:00,2025-11-07 13:00:00+00:00,4,1.0
bespokeinvest,2025-11-07 15:00:00+00:00,2025-11-07 16:00:00+00:00,4,2.0
bespokeinvest,2025-11-09 14:00:00+00:00,2025-11-09 14:00:00+00:00,5,1.0
bespokeinvest,2025-11-12 15:00:00+00:00,2025-11-12 15:00:00+00:00,6,1.0
bespokeinvest,2025-11-13 17:00:00+00:00,2025-11-13 17:00:00+00:00,4,1.0
bespokeinvest,2025-11-14 13:00:00+00:00,2025-11-14 14:00:00+00:00,5,2.0
bespokeinvest,2025-11-17 19:00:00+00:00,2025-11-17 19:00:00+00:00,5,1.0
bespokeinvest,2025-11-18 15:00:00+00:00,2025-11-18 15:00:00+00:00,11,1.0
bespokeinvest,2025-11-20 20:00:00+00:00,2025-11-20 20:00:00+00:00,9,1.0
bespokeinvest,2025-11-26 14:00:00+00:00,2025-11-26 14:00:00+00:00,6,1.0
bespokeinvest,2025-11-26 21:00:00+00:00,2025-11-26 21:00:00+00:00,5,1.0
bespokeinvest,2025-12-01 13:00:00+00:00,2025-12-01 13:00:00+00:00,5,1.0
bespokeinvest,2025-12-02 13:00:00+00:00,2025-12-02 13:00:00+00:00,4,1.0
bespokeinvest,2025-12-03 13:00:00+00:00,2025-12-03 14:00:00+00:00,4,2.0
bespokeinvest,2025-12-04 14:00:00+00:00,2025-12-04 14:00:00+00:00,4,1.0
bespokeinvest,2025-12-10 14:00:00+00:00,2025-12-10 14:00:00+00:00,3,1.0
bespokeinvest,2025-12-11 13:00:00+00:00,2025-12-11 14:00:00+00:00,4,2.0
bespokeinvest,2025-12-12 14:00:00+00:00,2025-12-12 14:00:00+00:00,4,1.0
bespokeinvest,2025-12-12 16:00:00+00:00,2025-12-12 16:00:00+00:00,5,1.0
bespokeinvest,2025-12-12 18:00:00+00:00,2025-12-12 18:00:00+00:00,4,1.0
bespokeinvest,2025-12-16 13:00:00+00:00,2025-12-16 14:00:00+00:00,5,2.0
bespokeinvest,2025-12-17 14:00:00+00:00,2025-12-17 14:00:00+00:00,4,1.0
bespokeinvest,2025-12-17 16:00:00+00:00,2025-12-17 16:00:00+00:00,4,1.0
bespokeinvest,2025-12-18 14:00:00+00:00,2025-12-18 14:00:00+00:00,4,1.0
bespokeinvest,2025-12-26 13:00:00+00:00,2025-12-26 13:00:00+00:00,4,1.0
bespokeinvest,2025-12-27 15:00:00+00:00,2025-12-27 15:00:00+00:00,3,1.0
bespokeinvest,2025-12-28 14:00:00+00:00,2025-12-28 14:00:00+00:00,4,1.0
bespokeinvest,2025-12-30 14:00:00+00:00,2025-12-30 14:00:00+00:00,4,1.0
bespokeinvest,2025-12-30 22:00:00+00:00,2025-12-30 22:00:00+00:00,4,1.0
bespokeinvest,2025-12-31 13:00:00+00:00,2025-12-31 13:00:00+00:00,3,1.0
bespokeinvest,2025-12-31 20:00:00+00:00,2025-12-31 20:00:00+00:00,4,1.0
bespokeinvest,2026-01-05 13:00:00+00:00,2026-01-05 13:00:00+00:00,5,1.0
bespokeinvest,2026-01-05 17:00:00+00:00,2026-01-05 17:00:00+00:00,4,1.0
bespokeinvest,2026-01-08 21:00:00+00:00,2026-01-08 21:00:00+00:00,4,1.0
bespokeinvest,2026-01-12 13:00:00+00:00,2026-01-12 13:00:00+00:00,3,1.0
bespokeinvest,2026-01-13 14:00:00+00:00,2026-01-13 14:00:00+00:00,3,1.0
bespokeinvest,2026-01-14 14:00:00+00:00,2026-01-14 14:00:00+00:00,3,1.0
bespokeinvest,2026-01-20 14:00:00+00:00,2026-01-20 14:00:00+00:00,3,1.0
charliebilello,2024-11-22 14:00:00+00:00,2024-11-22 14:00:00+00:00,4,1.0
charliebilello,2024-11-25 22:00:00+00:00,2024-11-25 22:00:00+00:00,3,1.0
charliebilello,2024-11-26 18:00:00+00:00,2024-11-26 18:00:00+00:00,3,1.0
charliebilello,2024-11-27 15:00:00+00:00,2024-11-27 15:00:00+00:00,4,1.0
charliebilello,2024-11-30 16:00:00+00:00,2024-11-30 16:00:00+00:00,3,1.0
charliebilello,2024-12-05 03:00:00+00:00,2024-12-05 03:00:00+00:00,3,1.0
charliebilello,2024-12-05 16:00:00+00:00,2024-12-05 16:00:00+00:00,3,1.0
charliebilello,2024-12-06 15:00:00+00:00,2024-12-06 15:00:00+00:00,4,1.0
charliebilello,2024-12-10 20:00:00+00:00,2024-12-10 20:00:00+00:00,3,1.0
charliebilello,2024-12-11 13:00:00+00:00,2024-12-11 13:00:00+00:00,4,1.0
charliebilello,2024-12-12 03:00:00+00:00,2024-12-12 03:00:00+00:00,3,1.0
charliebilello,2024-12-12 14:00:00+00:00,2024-12-12 14:00:00+00:00,5,1.0
charliebilello,2024-12-14 20:00:00+00:00,2024-12-14 20:00:00+00:00,3,1.0
charliebilello,2024-12-18 02:00:00+00:00,2024-12-18 02:00:00+00:00,3,1.0
charliebilello,2024-12-18 04:00:00+00:00,2024-12-18 04:00:00+00:00,3,1.0
charliebilello,2024-12-19 20:00:00+00:00,2024-12-19 20:00:00+00:00,3,1.0
charliebilello,2024-12-26 18:00:00+00:00,2024-12-26 19:00:00+00:00,3,2.0
charliebilello,2024-12-27 19:00:00+00:00,2024-12-27 20:00:00+00:00,3,2.0
charliebilello,2024-12-28 15:00:00+00:00,2024-12-28 16:00:00+00:00,3,2.0
charliebilello,2024-12-31 21:00:00+00:00,2024-12-31 21:00:00+00:00,4,1.0
charliebilello,2025-01-02 01:00:00+00:00,2025-01-02 01:00:00+00:00,3,1.0
charliebilello,2025-01-02 04:00:00+00:00,2025-01-02 04:00:00+00:00,3,1.0
charliebilello,2025-01-03 19:00:00+00:00,2025-01-03 19:00:00+00:00,3,1.0
charliebilello,2025-01-06 18:00:00+00:00,2025-01-06 18:00:00+00:00,4,1.0
charliebilello,2025-01-10 13:00:00+00:00,2025-01-10 14:00:00+00:00,4,2.0
charliebilello,2025-01-14 22:00:00+00:00,2025-01-14 22:00:00+00:00,3,1.0
charliebilello,2025-01-15 13:00:00+00:00,2025-01-15 13:00:00+00:00,3,1.0
charliebilello,2025-01-20 13:00:00+00:00,2025-01-20 14:00:00+00:00,3,2.0
charliebilello,2025-01-27 19:00:00+00:00,2025-01-27 19:00:00+00:00,3,1.0
charliebilello,2025-01-28 16:00:00+00:00,2025-01-28 16:00:00+00:00,3,1.0
charliebilello,2025-01-29 21:00:00+00:00,2025-01-29 21:00:00+00:00,5,1.0
charliebilello,2025-01-30 13:00:00+00:00,2025-01-30 13:00:00+00:00,4,1.0
charliebilello,2025-01-30 22:00:00+00:00,2025-01-30 22:00:00+00:00,3,1.0
charliebilello,2025-01-31 03:00:00+00:00,2025-01-31 03:00:00+00:00,3,1.0
charliebilello,2025-02-01 21:00:00+00:00,2025-02-01 21:00:00+00:00,3,1.0
charliebilello,2025-02-07 20:00:00+00:00,2025-02-07 20:00:00+00:00,3,1.0
charliebilello,2025-02-12 13:00:00+00:00,2025-02-12 15:00:00+00:00,5,3.0
charliebilello,2025-02-23 15:00:00+00:00,2025-02-23 15:00:00+00:00,3,1.0
charliebilello,2025-02-25 22:00:00+00:00,2025-02-25 22:00:00+00:00,3,1.0
charliebilello,2025-02-26 21:00:00+00:00,2025-02-26 21:00:00+00:00,3,1.0
charliebilello,2025-02-27 19:00:00+00:00,2025-02-27 19:00:00+00:00,3,1.0
charliebilello,2025-03-02 20:00:00+00:00,2025-03-02 20:00:00+00:00,3,1.0
charliebilello,2025-03-06 22:00:00+00:00,2025-03-06 22:00:00+00:00,4,1.0
charliebilello,2025-03-07 13:00:00+00:00,2025-03-07 13:00:00+00:00,3,1.0
charliebilello,2025-03-10 02:00:00+00:00,2025-03-10 02:00:00+00:00,3,1.0
charliebilello,2025-03-12 12:00:00+00:00,2025-03-12 12:00:00+00:00,3,1.0
charliebilello,2025-03-13 03:00:00+00:00,2025-03-13 03:00:00+00:00,3,1.0
charliebilello,2025-03-30 22:00:00+00:00,2025-03-30 22:00:00+00:00,4,1.0
charliebilello,2025-04-02 20:00:00+00:00,2025-04-02 20:00:00+00:00,4,1.0
charliebilello,2025-04-03 20:00:00+00:00,2025-04-03 20:00:00+00:00,3,1.0
charliebilello,2025-04-06 12:00:00+00:00,2025-04-06 12:00:00+00:00,3,1.0
charliebilello,2025-04-08 21:00:00+00:00,2025-04-08 21:00:00+00:00,3,1.0
charliebilello,2025-04-10 12:00:00+00:00,2025-04-10 12:00:00+00:00,4,1.0
charliebilello,2025-04-15 17:00:00+00:00,2025-04-15 17:00:00+00:00,3,1.0
charliebilello,2025-04-15 19:00:00+00:00,2025-04-15 19:00:00+00:00,3,1.0
charliebilello,2025-04-16 00:00:00+00:00,2025-04-16 01:00:00+00:00,4,2.0
charliebilello,2025-04-16 21:00:00+00:00,2025-04-16 21:00:00+00:00,3,1.0
charliebilello,2025-04-19 13:00:00+00:00,2025-04-19 13:00:00+00:00,3,1.0
charliebilello,2025-04-22 03:00:00+00:00,2025-04-22 03:00:00+00:00,3,1.0
charliebilello,2025-05-02 14:00:00+00:00,2025-05-02 14:00:00+00:00,4,1.0
charliebilello,2025-05-04 20:00:00+00:00,2025-05-04 20:00:00+00:00,3,1.0
charliebilello,2025-05-06 18:00:00+00:00,2025-05-06 18:00:00+00:00,4,1.0
charliebilello,2025-05-10 12:00:00+00:00,2025-05-10 12:00:00+00:00,3,1.0
charliebilello,2025-05-14 19:00:00+00:00,2025-05-14 19:00:00+00:00,3,1.0
charliebilello,2025-05-19 13:00:00+00:00,2025-05-19 13:00:00+00:00,3,1.0
charliebilello,2025-05-25 19:00:00+00:00,2025-05-25 19:00:00+00:00,3,1.0
charliebilello,2025-05-28 21:00:00+00:00,2025-05-28 21:00:00+00:00,4,1.0
charliebilello,2025-06-02 13:00:00+00:00,2025-06-02 13:00:00+00:00,3,1.0
charliebilello,2025-06-16 14:00:00+00:00,2025-06-16 14:00:00+00:00,3,1.0
charliebilello,2025-06-17 19:00:00+00:00,2025-06-17 19:00:00+00:00,3,1.0
charliebilello,2025-06-19 19:00:00+00:00,2025-06-19 19:00:00+00:00,3,1.0
charliebilello,2025-06-21 13:00:00+00:00,2025-06-21 14:00:00+00:00,5,2.0
charliebilello,2025-06-22 19:00:00+00:00,2025-06-22 19:00:00+00:00,3,1.0
charliebilello,2025-06-23 14:00:00+00:00,2025-06-23 14:00:00+00:00,3,1.0
charliebilello,2025-06-23 18:00:00+00:00,2025-06-23 18:00:00+00:00,3,1.0
charliebilello,2025-06-23 20:00:00+00:00,2025-06-23 20:00:00+00:00,3,1.0
charliebilello,2025-06-24 13:00:00+00:00,2025-06-24 13:00:00+00:00,3,1.0
charliebilello,2025-06-24 19:00:00+00:00,2025-06-24 19:00:00+00:00,3,1.0
charliebilello,2025-07-01 22:00:00+00:00,2025-07-01 22:00:00+00:00,3,1.0
charliebilello,2025-07-02 22:00:00+00:00,2025-07-02 22:00:00+00:00,3,1.0
charliebilello,2025-07-04 14:00:00+00:00,2025-07-04 14:00:00+00:00,4,1.0
charliebilello,2025-07-05 14:00:00+00:00,2025-07-05 15:00:00+00:00,5,2.0
charliebilello,2025-07-06 15:00:00+00:00,2025-07-06 15:00:00+00:00,3,1.0
charliebilello,2025-07-08 15:00:00+00:00,2025-07-08 15:00:00+00:00,3,1.0
charliebilello,2025-07-10 21:00:00+00:00,2025-07-10 21:00:00+00:00,3,1.0
charliebilello,2025-07-13 14:00:00+00:00,2025-07-13 14:00:00+00:00,8,1.0
charliebilello,2025-07-20 14:00:00+00:00,2025-07-20 14:00:00+00:00,3,1.0
charliebilello,2025-07-23 20:00:00+00:00,2025-07-23 20:00:00+00:00,4,1.0
charliebilello,2025-07-25 16:00:00+00:00,2025-07-25 16:00:00+00:00,5,1.0
charliebilello,2025-08-08 02:00:00+00:00,2025-08-08 02:00:00+00:00,3,1.0
charliebilello,2025-08-09 13:00:00+00:00,2025-08-09 13:00:00+00:00,3,1.0
charliebilello,2025-08-10 16:00:00+00:00,2025-08-10 16:00:00+00:00,3,1.0
charliebilello,2025-08-11 11:00:00+00:00,2025-08-11 11:00:00+00:00,3,1.0
charliebilello,2025-08-12 12:00:00+00:00,2025-08-12 13:00:00+00:00,4,2.0
charliebilello,2025-08-23 15:00:00+00:00,2025-08-23 15:00:00+00:00,3,1.0
charliebilello,2025-08-24 22:00:00+00:00,2025-08-24 22:00:00+00:00,3,1.0
charliebilello,2025-08-25 18:00:00+00:00,2025-08-25 18:00:00+00:00,3,1.0
charliebilello,2025-08-31 19:00:00+00:00,2025-08-31 19:00:00+00:00,3,1.0
charliebilello,2025-09-08 03:00:00+00:00,2025-09-08 03:00:00+00:00,4,1.0
charliebilello,2025-09-11 20:00:00+00:00,2025-09-11 20:00:00+00:00,3,1.0
charliebilello,2025-09-15 03:00:00+00:00,2025-09-15 03:00:00+00:00,3,1.0
charliebilello,2025-09-15 13:00:00+00:00,2025-09-15 13:00:00+00:00,3,1.0
charliebilello,2025-09-21 14:00:00+00:00,2025-09-21 14:00:00+00:00,3,1.0
charliebilello,2025-09-21 21:00:00+00:00,2025-09-21 21:00:00+00:00,3,1.0
charliebilello,2025-10-01 15:00:00+00:00,2025-10-01 16:00:00+00:00,3,2.0
charliebilello,2025-10-02 16:00:00+00:00,2025-10-02 16:00:00+00:00,3,1.0
charliebilello,2025-10-02 20:00:00+00:00,2025-10-02 20:00:00+00:00,3,1.0
charliebilello,2025-10-05 20:00:00+00:00,2025-10-05 20:00:00+00:00,4,1.0
charliebilello,2025-10-06 20:00:00+00:00,2025-10-06 20:00:00+00:00,3,1.0
charliebilello,2025-10-07 13:00:00+00:00,2025-10-07 13:00:00+00:00,6,1.0
charliebilello,2025-10-09 14:00:00+00:00,2025-10-09 14:00:00+00:00,3,1.0
charliebilello,2025-10-15 23:00:00+00:00,2025-10-15 23:00:00+00:00,4,1.0
charliebilello,2025-10-16 13:00:00+00:00,2025-10-16 14:00:00+00:00,4,2.0
charliebilello,2025-10-17 13:00:00+00:00,2025-10-17 13:00:00+00:00,3,1.0
charliebilello,2025-10-19 19:00:00+00:00,2025-10-19 19:00:00+00:00,3,1.0
charliebilello,2025-10-21 15:00:00+00:00,2025-10-21 15:00:00+00:00,3,1.0
charliebilello,2025-10-23 17:00:00+00:00,2025-10-23 17:00:00+00:00,3,1.0
charliebilello,2025-10-26 14:00:00+00:00,2025-10-26 14:00:00+00:00,4,1.0
charliebilello,2025-10-29 16:00:00+00:00,2025-10-29 16:00:00+00:00,6,1.0
charliebilello,2025-10-30 21:00:00+00:00,2025-10-30 21:00:00+00:00,3,1.0
charliebilello,2025-11-01 15:00:00+00:00,2025-11-01 15:00:00+00:00,3,1.0
charliebilello,2025-11-04 13:00:00+00:00,2025-11-04 14:00:00+00:00,4,2.0
charliebilello,2025-11-06 13:00:00+00:00,2025-11-06 13:00:00+00:00,3,1.0
charliebilello,2025-11-09 14:00:00+00:00,2025-11-09 14:00:00+00:00,3,1.0
charliebilello,2025-11-18 04:00:00+00:00,2025-11-18 04:00:00+00:00,5,1.0
charliebilello,2025-11-19 15:00:00+00:00,2025-11-19 15:00:00+00:00,3,1.0
charliebilello,2025-11-21 13:00:00+00:00,2025-11-21 13:00:00+00:00,3,1.0
charliebilello,2025-11-22 14:00:00+00:00,2025-11-22 14:00:00+00:00,3,1.0
charliebilello,2025-11-25 22:00:00+00:00,2025-11-25 22:00:00+00:00,3,1.0
charliebilello,2025-11-26 16:00:00+00:00,2025-11-26 16:00:00+00:00,3,1.0
charliebilello,2025-12-01 15:00:00+00:00,2025-12-01 15:00:00+00:00,3,1.0
charliebilello,2025-12-05 19:00:00+00:00,2025-12-05 19:00:00+00:00,3,1.0
charliebilello,2025-12-07 16:00:00+00:00,2025-12-07 16:00:00+00:00,3,1.0
charliebilello,2025-12-10 19:00:00+00:00,2025-12-10 19:00:00+00:00,3,1.0
charliebilello,2025-12-18 13:00:00+00:00,2025-12-18 13:00:00+00:00,4,1.0
charliebilello,2025-12-23 01:00:00+00:00,2025-12-23 01:00:00+00:00,3,1.0
charliebilello,2025-12-23 14:00:00+00:00,2025-12-23 14:00:00+00:00,4,1.0
charliebilello,2025-12-29 16:00:00+00:00,2025-12-29 16:00:00+00:00,3,1.0
charliebilello,2025-12-31 21:00:00+00:00,2025-12-31 21:00:00+00:00,5,1.0
charliebilello,2026-01-02 13:00:00+00:00,2026-01-02 13:00:00+00:00,4,1.0
charliebilello,2026-01-14 04:00:00+00:00,2026-01-14 04:00:00+00:00,3,1.0
charliebilello,2026-01-20 14:00:00+00:00,2026-01-20 14:00:00+00:00,3,1.0
charliebilello,2026-01-20 16:00:00+00:00,2026-01-20 16:00:00+00:00,3,1.0
charliebilello,2026-01-20 23:00:00+00:00,2026-01-20 23:00:00+00:00,3,1.0
iancassel,2025-03-01 12:00:00+00:00,2025-03-01 12:00:00+00:00,3,1.0
iancassel,2025-03-20 10:00:00+00:00,2025-03-20 10:00:00+00:00,3,1.0
iancassel,2025-06-17 12:00:00+00:00,2025-06-17 12:00:00+00:00,3,1.0
iancassel,2025-10-21 17:00:00+00:00,2025-10-21 17:00:00+00:00,3,1.0
iancassel,2025-10-21 20:00:00+00:00,2025-10-21 21:00:00+00:00,3,2.0
johnscharts,2025-10-01 14:00:00+00:00,2025-10-01 14:00:00+00:00,4,1.0
johnscharts,2025-10-01 19:00:00+00:00,2025-10-01 19:00:00+00:00,4,1.0
johnscharts,2025-10-02 14:00:00+00:00,2025-10-02 14:00:00+00:00,6,1.0
johnscharts,2025-10-03 14:00:00+00:00,2025-10-03 14:00:00+00:00,4,1.0
johnscharts,2025-10-09 13:00:00+00:00,2025-10-09 13:00:00+00:00,4,1.0
johnscharts,2025-10-10 14:00:00+00:00,2025-10-10 14:00:00+00:00,4,1.0
johnscharts,2025-10-14 19:00:00+00:00,2025-10-14 19:00:00+00:00,4,1.0
johnscharts,2025-10-15 14:00:00+00:00,2025-10-15 14:00:00+00:00,5,1.0
johnscharts,2025-10-22 14:00:00+00:00,2025-10-22 14:00:00+00:00,4,1.0
johnscharts,2025-10-24 10:00:00+00:00,2025-10-24 10:00:00+00:00,3,1.0
johnscharts,2025-10-24 14:00:00+00:00,2025-10-24 14:00:00+00:00,3,1.0
johnscharts,2025-10-24 16:00:00+00:00,2025-10-24 16:00:00+00:00,3,1.0
johnscharts,2025-10-27 09:00:00+00:00,2025-10-27 09:00:00+00:00,3,1.0
johnscharts,2025-10-27 14:00:00+00:00,2025-10-27 14:00:00+00:00,3,1.0
johnscharts,2025-10-27 16:00:00+00:00,2025-10-27 16:00:00+00:00,4,1.0
johnscharts,2025-10-28 14:00:00+00:00,2025-10-28 14:00:00+00:00,6,1.0
johnscharts,2025-11-06 13:00:00+00:00,2025-11-06 13:00:00+00:00,3,1.0
johnscharts,2025-11-10 15:00:00+00:00,2025-11-10 15:00:00+00:00,3,1.0
johnscharts,2025-11-11 08:00:00+00:00,2025-11-11 08:00:00+00:00,3,1.0
johnscharts,2025-11-11 14:00:00+00:00,2025-11-11 14:00:00+00:00,3,1.0
johnscharts,2025-11-13 10:00:00+00:00,2025-11-13 10:00:00+00:00,3,1.0
johnscharts,2025-11-14 15:00:00+00:00,2025-11-14 15:00:00+00:00,3,1.0
johnscharts,2025-11-14 17:00:00+00:00,2025-11-14 17:00:00+00:00,4,1.0
johnscharts,2025-11-17 10:00:00+00:00,2025-11-17 10:00:00+00:00,3,1.0
johnscharts,2025-11-17 15:00:00+00:00,2025-11-17 15:00:00+00:00,3,1.0
johnscharts,2025-11-19 15:00:00+00:00,2025-11-19 15:00:00+00:00,6,1.0
johnscharts,2025-11-24 16:00:00+00:00,2025-11-24 16:00:00+00:00,4,1.0
johnscharts,2025-11-25 15:00:00+00:00,2025-11-25 15:00:00+00:00,4,1.0
johnscharts,2025-11-25 17:00:00+00:00,2025-11-25 17:00:00+00:00,4,1.0
johnscharts,2025-12-03 10:00:00+00:00,2025-12-03 10:00:00+00:00,4,1.0
johnscharts,2025-12-03 19:00:00+00:00,2025-12-03 19:00:00+00:00,4,1.0
johnscharts,2025-12-04 10:00:00+00:00,2025-12-04 10:00:00+00:00,4,1.0
johnscharts,2025-12-05 14:00:00+00:00,2025-12-05 15:00:00+00:00,5,2.0
johnscharts,2025-12-09 20:00:00+00:00,2025-12-09 20:00:00+00:00,4,1.0
johnscharts,2025-12-10 19:00:00+00:00,2025-12-10 19:00:00+00:00,5,1.0
johnscharts,2025-12-11 10:00:00+00:00,2025-12-11 10:00:00+00:00,4,1.0
johnscharts,2025-12-11 15:00:00+00:00,2025-12-11 15:00:00+00:00,5,1.0
johnscharts,2025-12-12 15:00:00+00:00,2025-12-12 15:00:00+00:00,5,1.0
johnscharts,2025-12-15 11:00:00+00:00,2025-12-15 11:00:00+00:00,4,1.0
johnscharts,2025-12-18 11:00:00+00:00,2025-12-18 11:00:00+00:00,4,1.0
johnscharts,2025-12-18 13:00:00+00:00,2025-12-18 13:00:00+00:00,4,1.0
johnscharts,2025-12-18 16:00:00+00:00,2025-12-18 16:00:00+00:00,4,1.0
johnscharts,2025-12-18 19:00:00+00:00,2025-12-18 19:00:00+00:00,5,1.0
johnscharts,2025-12-22 12:00:00+00:00,2025-12-22 12:00:00+00:00,6,1.0
johnscharts,2025-12-22 15:00:00+00:00,2025-12-22 15:00:00+00:00,4,1.0
johnscharts,2025-12-22 18:00:00+00:00,2025-12-22 18:00:00+00:00,5,1.0
johnscharts,2025-12-30 18:00:00+00:00,2025-12-30 18:00:00+00:00,3,1.0
johnscharts,2026-01-02 10:00:00+00:00,2026-01-02 10:00:00+00:00,3,1.0
johnscharts,2026-01-02 15:00:00+00:00,2026-01-02 15:00:00+00:00,3,1.0
johnscharts,2026-01-02 18:00:00+00:00,2026-01-02 19:00:00+00:00,3,2.0
johnscharts,2026-01-05 10:00:00+00:00,2026-01-05 10:00:00+00:00,3,1.0
johnscharts,2026-01-05 18:00:00+00:00,2026-01-05 19:00:00+00:00,4,2.0
johnscharts,2026-01-06 13:00:00+00:00,2026-01-06 13:00:00+00:00,3,1.0
johnscharts,2026-01-06 19:00:00+00:00,2026-01-06 20:00:00+00:00,4,2.0
johnscharts,2026-01-07 15:00:00+00:00,2026-01-07 15:00:00+00:00,6,1.0
johnscharts,2026-01-08 17:00:00+00:00,2026-01-08 17:00:00+00:00,4,1.0
johnscharts,2026-01-09 09:00:00+00:00,2026-01-09 09:00:00+00:00,5,1.0
johnscharts,2026-01-15 16:00:00+00:00,2026-01-15 16:00:00+00:00,4,1.0
johnscharts,2026-01-20 10:00:00+00:00,2026-01-20 10:00:00+00:00,3,1.0
ripster47,2025-07-24 13:00:00+00:00,2025-07-24 14:00:00+00:00,5,2.0
ripster47,2025-07-25 14:00:00+00:00,2025-07-25 15:00:00+00:00,5,2.0
ripster47,2025-07-28 14:00:00+00:00,2025-07-28 14:00:00+00:00,4,1.0
ripster47,2025-07-29 13:00:00+00:00,2025-07-29 14:00:00+00:00,6,2.0
ripster47,2025-07-30 01:00:00+00:00,2025-07-30 01:00:00+00:00,5,1.0
ripster47,2025-07-31 14:00:00+00:00,2025-07-31 14:00:00+00:00,5,1.0
ripster47,2025-08-01 14:00:00+00:00,2025-08-01 14:00:00+00:00,5,1.0
ripster47,2025-08-01 20:00:00+00:00,2025-08-01 20:00:00+00:00,6,1.0
ripster47,2025-08-04 14:00:00+00:00,2025-08-04 14:00:00+00:00,8,1.0
ripster47,2025-08-05 14:00:00+00:00,2025-08-05 14:00:00+00:00,6,1.0
ripster47,2025-08-06 13:00:00+00:00,2025-08-06 14:00:00+00:00,7,2.0
ripster47,2025-08-08 13:00:00+00:00,2025-08-08 14:00:00+00:00,6,2.0
ripster47,2025-08-11 13:00:00+00:00,2025-08-11 14:00:00+00:00,7,2.0
ripster47,2025-08-12 13:00:00+00:00,2025-08-12 13:00:00+00:00,8,1.0
ripster47,2025-08-13 13:00:00+00:00,2025-08-13 13:00:00+00:00,6,1.0
ripster47,2025-08-14 13:00:00+00:00,2025-08-14 13:00:00+00:00,8,1.0
ripster47,2025-08-18 13:00:00+00:00,2025-08-18 14:00:00+00:00,5,2.0
ripster47,2025-08-19 13:00:00+00:00,2025-08-19 14:00:00+00:00,7,2.0
ripster47,2025-08-20 14:00:00+00:00,2025-08-20 14:00:00+00:00,5,1.0
ripster47,2025-08-21 14:00:00+00:00,2025-08-21 14:00:00+00:00,5,1.0
ripster47,2025-08-22 13:00:00+00:00,2025-08-22 14:00:00+00:00,6,2.0
ripster47,2025-08-25 14:00:00+00:00,2025-08-25 14:00:00+00:00,5,1.0
ripster47,2025-08-28 13:00:00+00:00,2025-08-28 13:00:00+00:00,5,1.0
ripster47,2025-09-02 18:00:00+00:00,2025-09-02 18:00:00+00:00,4,1.0
ripster47,2025-09-03 14:00:00+00:00,2025-09-03 14:00:00+00:00,6,1.0
ripster47,2025-09-04 14:00:00+00:00,2025-09-04 14:00:00+00:00,5,1.0
ripster47,2025-09-05 13:00:00+00:00,2025-09-05 14:00:00+00:00,4,2.0
ripster47,2025-09-08 14:00:00+00:00,2025-09-08 14:00:00+00:00,5,1.0
ripster47,2025-09-09 13:00:00+00:00,2025-09-09 13:00:00+00:00,6,1.0
ripster47,2025-09-10 14:00:00+00:00,2025-09-10 14:00:00+00:00,5,1.0
ripster47,2025-09-11 14:00:00+00:00,2025-09-11 14:00:00+00:00,5,1.0
ripster47,2025-09-12 14:00:00+00:00,2025-09-12 14:00:00+00:00,4,1.0
ripster47,2025-09-17 15:00:00+00:00,2025-09-17 15:00:00+00:00,4,1.0
ripster47,2025-09-18 14:00:00+00:00,2025-09-18 14:00:00+00:00,3,1.0
ripster47,2025-09-19 13:00:00+00:00,2025-09-19 13:00:00+00:00,5,1.0
ripster47,2025-09-23 13:00:00+00:00,2025-09-23 14:00:00+00:00,3,2.0
ripster47,2025-09-24 02:00:00+00:00,2025-09-24 02:00:00+00:00,3,1.0
ripster47,2025-09-24 13:00:00+00:00,2025-09-24 13:00:00+00:00,4,1.0
ripster47,2025-09-26 20:00:00+00:00,2025-09-26 20:00:00+00:00,5,1.0
ripster47,2025-09-29 13:00:00+00:00,2025-09-29 13:00:00+00:00,3,1.0
ripster47,2025-09-30 03:00:00+00:00,2025-09-30 03:00:00+00:00,3,1.0
ripster47,2025-09-30 13:00:00+00:00,2025-09-30 14:00:00+00:00,6,2.0
ripster47,2025-10-02 13:00:00+00:00,2025-10-02 14:00:00+00:00,6,2.0
ripster47,2025-10-06 13:00:00+00:00,2025-10-06 13:00:00+00:00,5,1.0
ripster47,2025-10-06 19:00:00+00:00,2025-10-06 19:00:00+00:00,4,1.0
ripster47,2025-10-07 03:00:00+00:00,2025-10-07 03:00:00+00:00,4,1.0
ripster47,2025-10-08 13:00:00+00:00,2025-10-08 13:00:00+00:00,4,1.0
ripster47,2025-10-10 19:00:00+00:00,2025-10-10 19:00:00+00:00,3,1.0
ripster47,2025-10-13 13:00:00+00:00,2025-10-13 13:00:00+00:00,5,1.0
ripster47,2025-10-15 13:00:00+00:00,2025-10-15 14:00:00+00:00,5,2.0
ripster47,2025-10-16 13:00:00+00:00,2025-10-16 14:00:00+00:00,4,2.0
ripster47,2025-10-20 13:00:00+00:00,2025-10-20 14:00:00+00:00,6,2.0
ripster47,2025-10-21 03:00:00+00:00,2025-10-21 03:00:00+00:00,4,1.0
ripster47,2025-10-21 13:00:00+00:00,2025-10-21 14:00:00+00:00,5,2.0
ripster47,2025-10-21 17:00:00+00:00,2025-10-21 17:00:00+00:00,4,1.0
ripster47,2025-10-22 14:00:00+00:00,2025-10-22 14:00:00+00:00,4,1.0
ripster47,2025-10-23 14:00:00+00:00,2025-10-23 15:00:00+00:00,6,2.0
ripster47,2025-10-27 14:00:00+00:00,2025-10-27 14:00:00+00:00,7,1.0
ripster47,2025-10-28 15:00:00+00:00,2025-10-28 16:00:00+00:00,5,2.0
ripster47,2025-10-29 14:00:00+00:00,2025-10-29 14:00:00+00:00,5,1.0
ripster47,2025-10-31 14:00:00+00:00,2025-10-31 14:00:00+00:00,5,1.0
ripster47,2025-11-05 14:00:00+00:00,2025-11-05 15:00:00+00:00,4,2.0
ripster47,2025-11-05 18:00:00+00:00,2025-11-05 18:00:00+00:00,5,1.0
ripster47,2025-11-06 14:00:00+00:00,2025-11-06 15:00:00+00:00,5,2.0
ripster47,2025-11-06 17:00:00+00:00,2025-11-06 17:00:00+00:00,6,1.0
ripster47,2025-11-06 20:00:00+00:00,2025-11-06 20:00:00+00:00,4,1.0
ripster47,2025-11-07 14:00:00+00:00,2025-11-07 15:00:00+00:00,6,2.0
ripster47,2025-11-07 21:00:00+00:00,2025-11-07 21:00:00+00:00,5,1.0
ripster47,2025-11-10 15:00:00+00:00,2025-11-10 15:00:00+00:00,7,1.0
ripster47,2025-11-13 18:00:00+00:00,2025-11-13 18:00:00+00:00,5,1.0
ripster47,2025-11-14 14:00:00+00:00,2025-11-14 14:00:00+00:00,6,1.0
ripster47,2025-11-17 14:00:00+00:00,2025-11-17 15:00:00+00:00,6,2.0
ripster47,2025-11-18 16:00:00+00:00,2025-11-18 16:00:00+00:00,5,1.0
ripster47,2025-11-20 15:00:00+00:00,2025-11-20 17:00:00+00:00,6,3.0
ripster47,2025-11-21 15:00:00+00:00,2025-11-21 15:00:00+00:00,6,1.0
ripster47,2025-11-24 14:00:00+00:00,2025-11-24 14:00:00+00:00,5,1.0
ripster47,2025-12-03 15:00:00+00:00,2025-12-03 15:00:00+00:00,4,1.0
ripster47,2025-12-03 18:00:00+00:00,2025-12-03 18:00:00+00:00,3,1.0
ripster47,2025-12-03 21:00:00+00:00,2025-12-03 21:00:00+00:00,3,1.0
ripster47,2025-12-04 14:00:00+00:00,2025-12-04 15:00:00+00:00,4,2.0
ripster47,2025-12-04 19:00:00+00:00,2025-12-04 19:00:00+00:00,6,1.0
ripster47,2025-12-11 14:00:00+00:00,2025-12-11 15:00:00+00:00,5,2.0
ripster47,2025-12-12 15:00:00+00:00,2025-12-12 16:00:00+00:00,4,2.0
ripster47,2025-12-16 19:00:00+00:00,2025-12-16 19:00:00+00:00,4,1.0
ripster47,2025-12-19 15:00:00+00:00,2025-12-19 15:00:00+00:00,4,1.0
ripster47,2025-12-22 15:00:00+00:00,2025-12-22 15:00:00+00:00,4,1.0
ripster47,2025-12-22 17:00:00+00:00,2025-12-22 17:00:00+00:00,3,1.0
ripster47,2025-12-26 14:00:00+00:00,2025-12-26 14:00:00+00:00,4,1.0
ripster47,2025-12-30 15:00:00+00:00,2025-12-30 15:00:00+00:00,4,1.0
ripster47,2025-12-31 15:00:00+00:00,2025-12-31 15:00:00+00:00,3,1.0
ripster47,2026-01-02 15:00:00+00:00,2026-01-02 16:00:00+00:00,6,2.0
ripster47,2026-01-02 18:00:00+00:00,2026-01-02 18:00:00+00:00,3,1.0
ripster47,2026-01-05 15:00:00+00:00,2026-01-05 15:00:00+00:00,3,1.0
ripster47,2026-01-06 15:00:00+00:00,2026-01-06 15:00:00+00:00,3,1.0
ripster47,2026-01-06 20:00:00+00:00,2026-01-06 20:00:00+00:00,3,1.0
ripster47,2026-01-07 15:00:00+00:00,2026-01-07 15:00:00+00:00,3,1.0
ripster47,2026-01-09 14:00:00+00:00,2026-01-09 15:00:00+00:00,4,2.0
ripster47,2026-01-09 17:00:00+00:00,2026-01-09 17:00:00+00:00,3,1.0
ripster47,2026-01-09 20:00:00+00:00,2026-01-09 21:00:00+00:00,4,2.0
ripster47,2026-01-14 15:00:00+00:00,2026-01-14 15:00:00+00:00,4,1.0
ripster47,2026-01-15 19:00:00+00:00,2026-01-15 19:00:00+00:00,3,1.0
ripster47,2026-01-16 14:00:00+00:00,2026-01-16 14:00:00+00:00,5,1.0
sentimentrader,2025-04-16 13:00:00+00:00,2025-04-16 13:00:00+00:00,3,1.0
sentimentrader,2025-06-24 12:00:00+00:00,2025-06-24 12:00:00+00:00,3,1.0
sentimentrader,2025-06-26 12:00:00+00:00,2025-06-26 12:00:00+00:00,3,1.0
sentimentrader,2025-06-30 12:00:00+00:00,2025-06-30 12:00:00+00:00,3,1.0
sentimentrader,2025-08-15 12:00:00+00:00,2025-08-15 12:00:00+00:00,3,1.0
sentimentrader,2025-08-19 12:00:00+00:00,2025-08-19 12:00:00+00:00,3,1.0
sentimentrader,2025-08-21 12:00:00+00:00,2025-08-21 12:00:00+00:00,4,1.0
sentimentrader,2025-09-10 12:00:00+00:00,2025-09-10 12:00:00+00:00,3,1.0
sentimentrader,2025-09-11 12:00:00+00:00,2025-09-11 12:00:00+00:00,3,1.0
sentimentrader,2025-09-16 12:00:00+00:00,2025-09-16 12:00:00+00:00,3,1.0
sentimentrader,2025-09-19 12:00:00+00:00,2025-09-19 12:00:00+00:00,3,1.0
sentimentrader,2025-10-24 12:00:00+00:00,2025-10-24 12:00:00+00:00,3,1.0
sentimentrader,2025-10-31 12:00:00+00:00,2025-10-31 12:00:00+00:00,3,1.0
sentimentrader,2025-11-05 12:00:00+00:00,2025-11-05 12:00:00+00:00,3,1.0
sentimentrader,2025-11-26 13:00:00+00:00,2025-11-26 13:00:00+00:00,3,1.0
traderstewie,2024-03-03 21:00:00+00:00,2024-03-03 21:00:00+00:00,4,1.0
traderstewie,2024-03-21 17:00:00+00:00,2024-03-21 17:00:00+00:00,3,1.0
traderstewie,2024-12-04 21:00:00+00:00,2024-12-04 21:00:00+00:00,3,1.0
traderstewie,2024-12-07 00:00:00+00:00,2024-12-07 00:00:00+00:00,3,1.0
traderstewie,2025-11-30 21:00:00+00:00,2025-11-30 21:00:00+00:00,3,1.0
traderstewie,2025-11-30 23:00:00+00:00,2025-11-30 23:00:00+00:00,3,1.0
