rank,username,followers,eligible,sim_raw,eng_raw,sim_norm,eng_norm,spam_ratio,rt_ratio,score,error
1,JeffDean,402813,True,0.000000,0.000000,0.000000,0.000000,0.000,0.000,0.000000,
2,ID_AA_Carmack,1103125,True,0.000000,0.000000,0.000000,0.000000,0.000,0.000,0.000000,
3,OpenAI,4592695,True,0.000000,0.000000,0.000000,0.000000,0.000,0.000,0.000000,
4,ilyasut,578478,True,0.000000,0.000000,0.000000,0.000000,0.000,0.000,0.000000,
5,sriramk,305489,True,0.000000,0.000000,0.000000,0.000000,0.000,0.000,0.000000,
6,elonmusk,232936835,True,0.000000,0.000000,0.000000,0.000000,0.000,0.000,0.000000,
7,paulg,2118594,True,0.000000,0.000000,0.000000,0.000000,0.000,0.000,0.000000,
8,sama,4240670,True,0.000000,0.000000,0.000000,0.000000,0.000,0.000,0.000000,
9,geoffreyhinton,540211,True,0.000000,0.000000,0.000000,0.000000,0.000,0.000,0.000000,
10,goodfellow_ian,359296,True,0.000000,0.000000,0.000000,0.000000,0.000,0.000,0.000000,
11,karpathy,1626352,True,0.000000,0.000000,0.000000,0.000000,0.000,0.000,0.000000,
12,demishassabis,597097,True,0.000000,0.000000,0.000000,0.000000,0.000,0.000,0.000000,
13,shivon,212737,True,0.000000,0.000000,0.000000,0.000000,0.000,0.000,0.000000,
14,ylecun,1015445,True,0.000000,0.000000,0.000000,0.000000,0.000,0.000,0.000000,
15,AndrewYNg,1338009,True,0.000000,0.000000,0.000000,0.000000,0.000,0.000,0.000000,
16,sundarpichai,5695338,True,0.000000,0.000000,0.000000,0.000000,0.000,0.000,0.000000,
17,alexandr_wang,369216,True,0.000000,0.000000,0.000000,0.000000,0.000,0.000,0.000000,
18,pmarca,1982168,True,0.000000,0.000000,0.000000,0.000000,0.000,0.000,0.000000,
19,ericschmidt,2035953,True,0.000000,0.000000,0.000000,0.000000,0.000,0.000,0.000000,
20,mustafasuleyman,202811,True,0.000000,0.000000,0.000000,0.000000,0.000,0.000,0.000000,
21,DrJimFan,350561,True,0.000000,0.000000,0.000000,0.000000,0.000,0.000,0.000000,
22,jack,6330510,True,0.000000,0.000000,0.000000,0.000000,0.000,0.000,0.000000,
23,BarackObama,118845750,True,0.000000,0.000000,0.000000,0.000000,0.000,0.000,0.000000,
24,reidhoffman,775956,True,0.000000,0.000000,0.000000,0.000000,0.000,0.000,0.000000,
25,GoogleDeepMind,1305188,True,0.000000,0.000000,0.000000,0.000000,0.000,0.000,0.000000,
26,patrickc,613049,True,0.000000,0.000000,0.000000,0.000000,0.000,0.000,0.000000,
27,eladgil,243055,True,0.000000,0.000000,0.000000,0.000000,0.000,0.000,0.000000,
28,tim_cook,14512676,True,0.000000,0.000000,0.000000,0.000000,0.000,0.000,0.000000,
29,vkhosla,665480,True,0.000000,0.000000,0.000000,0.000000,0.000,0.000,0.000000,
30,satyanadella,3551336,True,0.000000,0.000000,0.000000,0.000000,0.000,0.000,0.000000,
31,fchollet,598434,True,0.000000,0.000000,0.000000,0.000000,0.000,0.000,0.000000,
32,DavidSacks,1444270,True,0.000000,0.000000,0.000000,0.000000,0.000,0.000,0.000000,
33,lexfridman,4537655,True,0.000000,0.000000,0.000000,0.000000,0.000,0.000,0.000000,
34,GoogleAI,2326635,True,0.000000,0.000000,0.000000,0.000000,0.000,0.000,0.000000,
35,BillGates,62378935,True,0.000000,0.000000,0.000000,0.000000,0.000,0.000,0.000000,
36,EMostaque,305547,True,0.000000,0.000000,0.000000,0.000000,0.000,0.000,0.000000,
37,drfeifei,547004,True,0.000000,0.000000,0.000000,0.000000,0.000,0.000,0.000000,
38,gdb,899587,True,0.000000,0.000000,0.000000,0.000000,0.000,0.000,0.000000,
39,erikbryn,211102,True,0.000000,0.000000,0.000000,0.000000,0.000,0.000,0.000000,
40,AravSrinivas,342299,True,0.000000,0.000000,0.000000,0.000000,0.000,0.000,0.000000,
41,MIT_CSAIL,335668,True,0.000000,0.000000,0.000000,0.000000,0.000,0.000,0.000000,
42,JeffBezos,7039247,True,0.000000,0.000000,0.000000,0.000000,0.000,0.000,0.000000,
43,jeremyphoward,269214,True,0.000000,0.000000,0.000000,0.000000,0.000,0.000,0.000000,
44,_akhaliq,450144,True,0.000000,0.000000,0.000000,0.000000,0.000,0.000,0.000000,
45,natfriedman,253639,True,0.000000,0.000000,0.000000,0.000000,0.000,0.000,0.000000,
46,bhorowitz,680594,True,0.000000,0.000000,0.000000,0.000000,0.000,0.000,0.000000,
47,balajis,1266188,True,0.000000,0.000000,0.000000,0.000000,0.000,0.000,0.000000,
48,Benioff,1162114,True,0.000000,0.000000,0.000000,0.000000,0.000,0.000,0.000000,
49,miramurati,404578,True,0.000000,0.000000,0.000000,0.000000,0.000,0.000,0.000000,
50,soumithchintala,277292,True,0.000000,0.000000,0.000000,0.000000,0.000,0.000,0.000000,
51,timoreilly,1567909,True,0.000000,0.000000,0.000000,0.000000,0.000,0.000,0.000000,
52,bgurley,708392,True,0.000000,0.000000,0.000000,0.000000,0.000,0.000,0.000000,
53,garrytan,654941,True,0.000000,0.000000,0.000000,0.000000,0.000,0.000,0.000000,
54,SpaceX,40759222,True,0.000000,0.000000,0.000000,0.000000,0.000,0.000,0.000000,
55,levie,2423877,True,0.000000,0.000000,0.000000,0.000000,0.000,0.000,0.000000,
56,AnthropicAI,756345,True,0.000000,0.000000,0.000000,0.000000,0.000,0.000,0.000000,
57,huggingface,610380,True,0.000000,0.000000,0.000000,0.000000,0.000,0.000,0.000000,
58,hardmaru,379282,True,0.000000,0.000000,0.000000,0.000000,0.000,0.000,0.000000,
59,OfficialLoganK,266437,True,0.000000,0.000000,0.000000,0.000000,0.000,0.000,0.000000,
60,chamath,1944977,True,0.000000,0.000000,0.000000,0.000000,0.000,0.000,0.000000,
61,Jason,1067880,True,0.000000,0.000000,0.000000,0.000000,0.000,0.000,0.000000,
62,deedydas,225149,True,0.000000,0.000000,0.000000,0.000000,0.000,0.000,0.000000,
63,TEDchris,1436180,True,0.000000,0.000000,0.000000,0.000000,0.000,0.000,0.000000,
64,Google,31603865,True,0.000000,0.000000,0.000000,0.000000,0.000,0.000,0.000000,
65,tobi,443221,True,0.000000,0.000000,0.000000,0.000000,0.000,0.000,0.000000,
66,karaswisher,1437706,True,0.000000,0.000000,0.000000,0.000000,0.000,0.000,0.000000,
67,mcuban,8556710,True,0.000000,0.000000,0.000000,0.000000,0.000,0.000,0.000000,
68,a16z,924081,True,0.000000,0.000000,0.000000,0.000000,0.000,0.000,0.000000,
69,collision,213541,True,0.000000,0.000000,0.000000,0.000000,0.000,0.000,0.000000,
70,NateSilver538,3017022,True,0.000000,0.000000,0.000000,0.000000,0.000,0.000,0.000000,
71,mlevchin,253548,True,0.000000,0.000000,0.000000,0.000000,0.000,0.000,0.000000,
72,berkeley_ai,243935,True,0.000000,0.000000,0.000000,0.000000,0.000,0.000,0.000000,
73,rasbt,381665,True,0.000000,0.000000,0.000000,0.000000,0.000,0.000,0.000000,
74,AIatMeta,744561,True,0.000000,0.000000,0.000000,0.000000,0.000,0.000,0.000000,
75,nikitabier,784286,True,0.000000,0.000000,0.000000,0.000000,0.000,0.000,0.000000,
76,ezraklein,2329798,True,0.000000,0.000000,0.000000,0.000000,0.000,0.000,0.000000,
77,EricTopol,701210,True,0.000000,0.000000,0.000000,0.000000,0.000,0.000,0.000000,
78,emollick,304016,True,0.000000,0.000000,0.000000,0.000000,0.000,0.000,0.000000,
79,bryan_johnson,826835,True,0.000000,0.000000,0.000000,0.000000,0.000,0.000,0.000000,
80,Kasparov63,1076440,True,0.000000,0.000000,0.000000,0.000000,0.000,0.000,0.000000,
81,PeterDiamandis,343018,True,0.000000,0.000000,0.000000,0.000000,0.000,0.000,0.000000,
82,CathieDWood,1967461,True,0.000000,0.000000,0.000000,0.000000,0.000,0.000,0.000000,
83,sapinker,857652,True,0.000000,0.000000,0.000000,0.000000,0.000,0.000,0.000000,
84,marissamayer,1284750,True,0.000000,0.000000,0.000000,0.000000,0.000,0.000,0.000000,
85,amasad,418503,True,0.000000,0.000000,0.000000,0.000000,0.000,0.000,0.000000,
86,ycombinator,1525871,True,0.000000,0.000000,0.000000,0.000000,0.000,0.000,0.000000,
87,alexisohanian,591817,True,0.000000,0.000000,0.000000,0.000000,0.000,0.000,0.000000,
88,Suhail,400991,True,0.000000,0.000000,0.000000,0.000000,0.000,0.000,0.000000,
89,PalmerLuckey,580451,True,0.000000,0.000000,0.000000,0.000000,0.000,0.000,0.000000,
90,cdixon,898905,True,0.000000,0.000000,0.000000,0.000000,0.000,0.000,0.000000,
91,PyTorch,470943,True,0.000000,0.000000,0.000000,0.000000,0.000,0.000,0.000000,
92,kaggle,310498,True,0.000000,0.000000,0.000000,0.000000,0.000,0.000,0.000000,
93,NVIDIAAI,254723,True,0.000000,0.000000,0.000000,0.000000,0.000,0.000,0.000000,
94,GaryMarcus,207280,True,0.000000,0.000000,0.000000,0.000000,0.000,0.000,0.000000,
95,FryRsquared,240368,True,0.000000,0.000000,0.000000,0.000000,0.000,0.000,0.000000,
96,stevenbjohnson,1045005,True,0.000000,0.000000,0.000000,0.000000,0.000,0.000,0.000000,
97,benthompson,259770,True,0.000000,0.000000,0.000000,0.000000,0.000,0.000,0.000000,
98,andrewchen,328361,True,0.000000,0.000000,0.000000,0.000000,0.000,0.000,0.000000,
99,AndrewYang,1772436,True,0.000000,0.000000,0.000000,0.000000,0.000,0.000,0.000000,
100,WIRED,9054284,True,0.000000,0.000000,0.000000,0.000000,0.000,0.000,0.000000,
101,kleinerperkins,235251,True,0.000000,0.000000,0.000000,0.000000,0.000,0.000,0.000000,
102,naval,2997618,True,0.000000,0.000000,0.000000,0.000000,0.000,0.000,0.000000,
103,TechCrunch,9647272,True,0.000000,0.000000,0.000000,0.000000,0.000,0.000,0.000000,
104,AdamMGrant,871040,True,0.000000,0.000000,0.000000,0.000000,0.000,0.000,0.000000,
105,StabilityAI,248920,True,0.000000,0.000000,0.000000,0.000000,0.000,0.000,0.000000,
106,rowancheung,568832,True,0.000000,0.000000,0.000000,0.000000,0.000,0.000,0.000000,
107,techreview,1164103,True,0.000000,0.000000,0.000000,0.000000,0.000,0.000,0.000000,
108,3blue1brown,423258,True,0.000000,0.000000,0.000000,0.000000,0.000,0.000,0.000000,
109,sacca,1494249,True,0.000000,0.000000,0.000000,0.000000,0.000,0.000,0.000000,
110,tylercowen,260896,True,0.000000,0.000000,0.000000,0.000000,0.000,0.000,0.000000,
111,Austen,437645,True,0.000000,0.000000,0.000000,0.000000,0.000,0.000,0.000000,
112,AndrewMayne,684082,True,0.000000,0.000000,0.000000,0.000000,0.000,0.000,0.000000,
113,ericries,301917,True,0.000000,0.000000,0.000000,0.000000,0.000,0.000,0.000000,
114,davidasinclair,532205,True,0.000000,0.000000,0.000000,0.000000,0.000,0.000,0.000000,
115,Noahpinion,386398,True,0.000000,0.000000,0.000000,0.000000,0.000,0.000,0.000000,
116,drewhouston,276134,True,0.000000,0.000000,0.000000,0.000000,0.000,0.000,0.000000,
117,waitbutwhy,890516,True,0.000000,0.000000,0.000000,0.000000,0.000,0.000,0.000000,
118,RayDalio,1844628,True,0.000000,0.000000,0.000000,0.000000,0.000,0.000,0.000000,
119,rabois,409120,True,0.000000,0.000000,0.000000,0.000000,0.000,0.000,0.000000,
120,bchesky,715847,True,0.000000,0.000000,0.000000,0.000000,0.000,0.000,0.000000,
121,APompliano,1849292,True,0.000000,0.000000,0.000000,0.000000,0.000,0.000,0.000000,
122,VitalikButerin,5878374,True,0.000000,0.000000,0.000000,0.000000,0.000,0.000,0.000000,
123,neuralink,1701756,True,0.000000,0.000000,0.000000,0.000000,0.000,0.000,0.000000,
124,xai,1873359,True,0.000000,0.000000,0.000000,0.000000,0.000,0.000,0.000000,
125,levelsio,794434,True,0.000000,0.000000,0.000000,0.000000,0.000,0.000,0.000000,
126,LangChain,231616,True,0.000000,0.000000,0.000000,0.000000,0.000,0.000,0.000000,
127,MSFTResearch,552978,True,0.000000,0.000000,0.000000,0.000000,0.000,0.000,0.000000,
128,midjourney,409665,True,0.000000,0.000000,0.000000,0.000000,0.000,0.000,0.000000,
129,sequoia,727669,True,0.000000,0.000000,0.000000,0.000000,0.000,0.000,0.000000,
130,NASA,88408338,True,0.000000,0.000000,0.000000,0.000000,0.000,0.000,0.000000,
131,neiltyson,13648505,True,0.000000,0.000000,0.000000,0.000000,0.000,0.000,0.000000,
132,DeepLearningAI,312921,True,0.000000,0.000000,0.000000,0.000000,0.000,0.000,0.000000,
133,ZelenskyyUa,8218064,True,0.000000,0.000000,0.000000,0.000000,0.000,0.000,0.000000,
134,eldsjal,326919,True,0.000000,0.000000,0.000000,0.000000,0.000,0.000,0.000000,
135,skdh,202162,True,0.000000,0.000000,0.000000,0.000000,0.000,0.000,0.000000,
136,NASAWebb,3483082,True,0.000000,0.000000,0.000000,0.000000,0.000,0.000,0.000000,
137,ProfFeynman,1356474,True,0.000000,0.000000,0.000000,0.000000,0.000,0.000,0.000000,
138,TheEconomist,25793789,True,0.000000,0.000000,0.000000,0.000000,0.000,0.000,0.000000,
139,Liv_Boeree,266222,True,0.000000,0.000000,0.000000,0.000000,0.000,0.000,0.000000,
140,kaifulee,1320250,True,0.000000,0.000000,0.000000,0.000000,0.000,0.000,0.000000,
141,ESYudkowsky,213907,True,0.000000,0.000000,0.000000,0.000000,0.000,0.000,0.000000,
142,Grimezsz,1336960,True,0.000000,0.000000,0.000000,0.000000,0.000,0.000,0.000000,
143,JoeBiden,37860287,True,0.000000,0.000000,0.000000,0.000000,0.000,0.000,0.000000,
144,MichaelDell,886742,True,0.000000,0.000000,0.000000,0.000000,0.000,0.000,0.000000,
145,KirkDBorne,478789,True,0.000000,0.000000,0.000000,0.000000,0.000,0.000,0.000000,
146,nytimes,52725491,True,0.000000,0.000000,0.000000,0.000000,0.000,0.000,0.000000,
147,POTUS46Archive,36065826,True,0.000000,0.000000,0.000000,0.000000,0.000,0.000,0.000000,
148,COVID19Tracking,340005,True,0.000000,0.000000,0.000000,0.000000,0.000,0.000,0.000000,
149,BrianRoemmele,444293,True,0.000000,0.000000,0.000000,0.000000,0.000,0.000,0.000000,
150,johndoerr,279261,True,0.000000,0.000000,0.000000,0.000000,0.000,0.000,0.000000,
151,KamalaHarris,20814843,True,0.000000,0.000000,0.000000,0.000000,0.000,0.000,0.000000,
152,realDonaldTrump,109414792,True,0.000000,0.000000,0.000000,0.000000,0.000,0.000,0.000000,
153,verge,3346638,True,0.000000,0.000000,0.000000,0.000000,0.000,0.000,0.000000,
154,BillAckman,1947987,True,0.000000,0.000000,0.000000,0.000000,0.000,0.000,0.000000,
155,ev,1491961,True,0.000000,0.000000,0.000000,0.000000,0.000,0.000,0.000000,
156,shaunmmaguire,301800,True,0.000000,0.000000,0.000000,0.000000,0.000,0.000,0.000000,
157,tszzl,277186,True,0.000000,0.000000,0.000000,0.000000,0.000,0.000,0.000000,
158,zebulgar,238834,True,0.000000,0.000000,0.000000,0.000000,0.000,0.000,0.000000,
159,HarryStebbings,322682,True,0.000000,0.000000,0.000000,0.000000,0.000,0.000,0.000000,
160,maddow,9379796,True,0.000000,0.000000,0.000000,0.000000,0.000,0.000,0.000000,
161,stevesi,204758,True,0.000000,0.000000,0.000000,0.000000,0.000,0.000,0.000000,
162,micsolana,386550,True,0.000000,0.000000,0.000000,0.000000,0.000,0.000,0.000000,
163,rauchg,345898,True,0.000000,0.000000,0.000000,0.000000,0.000,0.000,0.000000,
164,JTLonsdale,254252,True,0.000000,0.000000,0.000000,0.000000,0.000,0.000,0.000000,
165,MrBeast,33828228,True,0.000000,0.000000,0.000000,0.000000,0.000,0.000,0.000000,
166,X,60278571,True,0.000000,0.000000,0.000000,0.000000,0.000,0.000,0.000000,
167,mckaywrigley,217922,True,0.000000,0.000000,0.000000,0.000000,0.000,0.000,0.000000,
168,GavinSBaker,218764,True,0.000000,0.000000,0.000000,0.000000,0.000,0.000,0.000000,
169,realGeorgeHotz,299927,True,0.000000,0.000000,0.000000,0.000000,0.000,0.000,0.000000,
170,seanmcarroll,323351,True,0.000000,0.000000,0.000000,0.000000,0.000,0.000,0.000000,
171,dhh,594443,True,0.000000,0.000000,0.000000,0.000000,0.000,0.000,0.000000,
172,sciam,4272694,True,0.000000,0.000000,0.000000,0.000000,0.000,0.000,0.000000,
173,svpino,434591,True,0.000000,0.000000,0.000000,0.000000,0.000,0.000,0.000000,
174,fermatslibrary,788634,True,0.000000,0.000000,0.000000,0.000000,0.000,0.000,0.000000,
175,ajassy,274369,True,0.000000,0.000000,0.000000,0.000000,0.000,0.000,0.000000,
176,JamesClear,1117365,True,0.000000,0.000000,0.000000,0.000000,0.000,0.000,0.000000,
177,TechEmails,582400,True,0.000000,0.000000,0.000000,0.000000,0.000,0.000,0.000000,
178,HarvardBiz,5577005,True,0.000000,0.000000,0.000000,0.000000,0.000,0.000,0.000000,
179,NYTScience,1161210,True,0.000000,0.000000,0.000000,0.000000,0.000,0.000,0.000000,
180,HillaryClinton,29201460,True,0.000000,0.000000,0.000000,0.000000,0.000,0.000,0.000000,
181,NobelPrize,1309330,True,0.000000,0.000000,0.000000,0.000000,0.000,0.000,0.000000,
182,friedberg,440730,True,0.000000,0.000000,0.000000,0.000000,0.000,0.000,0.000000,
183,brian_armstrong,1699562,True,0.000000,0.000000,0.000000,0.000000,0.000,0.000,0.000000,
184,minchoi,350010,True,0.000000,0.000000,0.000000,0.000000,0.000,0.000,0.000000,
185,NatGeo,27625018,True,0.000000,0.000000,0.000000,0.000000,0.000,0.000,0.000000,
186,EvanKirstel,376026,True,0.000000,0.000000,0.000000,0.000000,0.000,0.000,0.000000,
187,ValaAfshar,949665,True,0.000000,0.000000,0.000000,0.000000,0.000,0.000,0.000000,
188,ariannahuff,2431540,True,0.000000,0.000000,0.000000,0.000000,0.000,0.000,0.000000,
189,BBCBreaking,49567307,True,0.000000,0.000000,0.000000,0.000000,0.000,0.000,0.000000,
190,TEDTalks,10131936,True,0.000000,0.000000,0.000000,0.000000,0.000,0.000,0.000000,
191,aplusk,14154727,True,0.000000,0.000000,0.000000,0.000000,0.000,0.000,0.000000,
192,mattcutts,451982,True,0.000000,0.000000,0.000000,0.000000,0.000,0.000,0.000000,
193,WalterIsaacson,312917,True,0.000000,0.000000,0.000000,0.000000,0.000,0.000,0.000000,
194,ARKInvest,808641,True,0.000000,0.000000,0.000000,0.000000,0.000,0.000,0.000000,
195,Bill_Gross,225818,True,0.000000,0.000000,0.000000,0.000000,0.000,0.000,0.000000,
196,deepseek_ai,973625,True,0.000000,0.000000,0.000000,0.000000,0.000,0.000,0.000000,
197,biz,2328306,True,0.000000,0.000000,0.000000,0.000000,0.000,0.000,0.000000,
198,jgebbia,214407,True,0.000000,0.000000,0.000000,0.000000,0.000,0.000,0.000000,
199,benedictevans,354087,True,0.000000,0.000000,0.000000,0.000000,0.000,0.000,0.000000,
200,JonHaidt,455126,True,0.000000,0.000000,0.000000,0.000000,0.000,0.000,0.000000,
201,mwseibel,277111,True,0.000000,0.000000,0.000000,0.000000,0.000,0.000,0.000000,
202,kevinrose,1496388,True,0.000000,0.000000,0.000000,0.000000,0.000,0.000,0.000000,
203,CaseyNewton,200304,True,0.000000,0.000000,0.000000,0.000000,0.000,0.000,0.000000,
204,MaxCRoser,274434,True,0.000000,0.000000,0.000000,0.000000,0.000,0.000,0.000000,
205,joerogan,15455569,True,0.000000,0.000000,0.000000,0.000000,0.000,0.000,0.000000,
206,fredwilson,641973,True,0.000000,0.000000,0.000000,0.000000,0.000,0.000,0.000000,
207,clairlemon,249336,True,0.000000,0.000000,0.000000,0.000000,0.000,0.000,0.000000,
208,WSJ,20604193,True,0.000000,0.000000,0.000000,0.000000,0.000,0.000,0.000000,
209,rrhoover,317868,True,0.000000,0.000000,0.000000,0.000000,0.000,0.000,0.000000,
210,typesfast,276025,True,0.000000,0.000000,0.000000,0.000000,0.000,0.000,0.000000,
211,Chad_Hurley,567384,True,0.000000,0.000000,0.000000,0.000000,0.000,0.000,0.000000,
212,bariweiss,1124207,True,0.000000,0.000000,0.000000,0.000000,0.000,0.000,0.000000,
213,SwiftOnSecurity,404500,True,0.000000,0.000000,0.000000,0.000000,0.000,0.000,0.000000,
214,Atul_Gawande,350866,True,0.000000,0.000000,0.000000,0.000000,0.000,0.000,0.000000,
215,awilkinson,365658,True,0.000000,0.000000,0.000000,0.000000,0.000,0.000,0.000000,
216,JDVance,5115556,True,0.000000,0.000000,0.000000,0.000000,0.000,0.000,0.000000,
217,jimmy_wales,215392,True,0.000000,0.000000,0.000000,0.000000,0.000,0.000,0.000000,
218,runwayml,266910,True,0.000000,0.000000,0.000000,0.000000,0.000,0.000,0.000000,
219,DARPA,271183,True,0.000000,0.000000,0.000000,0.000000,0.000,0.000,0.000000,
220,patrick_oshag,310410,True,0.000000,0.000000,0.000000,0.000000,0.000,0.000,0.000000,
221,unusual_whales,3080374,True,0.000000,0.000000,0.000000,0.000000,0.000,0.000,0.000000,
222,Erdayastronaut,2018151,True,0.000000,0.000000,0.000000,0.000000,0.000,0.000,0.000000,
223,DOGE,4824195,True,0.000000,0.000000,0.000000,0.000000,0.000,0.000,0.000000,
224,HardcoreHistory,431845,True,0.000000,0.000000,0.000000,0.000000,0.000,0.000,0.000000,
225,perplexity_ai,376152,True,0.000000,0.000000,0.000000,0.000000,0.000,0.000,0.000000,
226,RobertKennedyJr,5769578,True,0.000000,0.000000,0.000000,0.000000,0.000,0.000,0.000000,
227,TimSweeneyEpic,323136,True,0.000000,0.000000,0.000000,0.000000,0.000,0.000,0.000000,
228,tfadell,201763,True,0.000000,0.000000,0.000000,0.000000,0.000,0.000,0.000000,
229,EmmanuelMacron,10277041,True,0.000000,0.000000,0.000000,0.000000,0.000,0.000,0.000000,
230,themarginalian,837144,True,0.000000,0.000000,0.000000,0.000000,0.000,0.000,0.000000,
231,Replit,211392,True,0.000000,0.000000,0.000000,0.000000,0.000,0.000,0.000000,
232,Neuro_Skeptic,230233,True,0.000000,0.000000,0.000000,0.000000,0.000,0.000,0.000000,
233,timberners_lee,322187,True,0.000000,0.000000,0.000000,0.000000,0.000,0.000,0.000000,
234,trvrb,405760,True,0.000000,0.000000,0.000000,0.000000,0.000,0.000,0.000000,
235,gvanrossum,288104,True,0.000000,0.000000,0.000000,0.000000,0.000,0.000,0.000000,
236,paraga,545675,True,0.000000,0.000000,0.000000,0.000000,0.000,0.000,0.000000,
237,tunguz,259372,True,0.000000,0.000000,0.000000,0.000000,0.000,0.000,0.000000,
238,TensorFlow,380203,True,0.000000,0.000000,0.000000,0.000000,0.000,0.000,0.000000,
239,GoogleCloudTech,1282345,True,0.000000,0.000000,0.000000,0.000000,0.000,0.000,0.000000,
240,LisaSu,225287,True,0.000000,0.000000,0.000000,0.000000,0.000,0.000,0.000000,
241,GVteam,514008,True,0.000000,0.000000,0.000000,0.000000,0.000,0.000,0.000000,
242,TrungTPhan,722995,True,0.000000,0.000000,0.000000,0.000000,0.000,0.000,0.000000,
243,billmaher,10126140,True,0.000000,0.000000,0.000000,0.000000,0.000,0.000,0.000000,
244,kdnuggets,219813,True,0.000000,0.000000,0.000000,0.000000,0.000,0.000,0.000000,
245,AiBreakfast,224633,True,0.000000,0.000000,0.000000,0.000000,0.000,0.000,0.000000,
246,QuantaMagazine,356394,True,0.000000,0.000000,0.000000,0.000000,0.000,0.000,0.000000,
247,Rainmaker1973,3982308,True,0.000000,0.000000,0.000000,0.000000,0.000,0.000,0.000000,
248,RichardDawkins,2848518,True,0.000000,0.000000,0.000000,0.000000,0.000,0.000,0.000000,
249,omarsar0,285935,True,0.000000,0.000000,0.000000,0.000000,0.000,0.000,0.000000,
250,grok,7643003,True,0.000000,0.000000,0.000000,0.000000,0.000,0.000,0.000000,
251,OpenAIDevs,254238,True,0.000000,0.000000,0.000000,0.000000,0.000,0.000,0.000000,
252,Scobleizer,555006,True,0.000000,0.000000,0.000000,0.000000,0.000,0.000,0.000000,
253,GreylockVC,247251,True,0.000000,0.000000,0.000000,0.000000,0.000,0.000,0.000000,
254,AOC,12696968,True,0.000000,0.000000,0.000000,0.000000,0.000,0.000,0.000000,
255,jk_rowling,13830711,True,0.000000,0.000000,0.000000,0.000000,0.000,0.000,0.000000,
256,Tesla,24625443,True,0.000000,0.000000,0.000000,0.000000,0.000,0.000,0.000000,
257,github,2603620,True,0.000000,0.000000,0.000000,0.000000,0.000,0.000,0.000000,
258,Nature,2571200,True,0.000000,0.000000,0.000000,0.000000,0.000,0.000,0.000000,
259,anildash,510907,True,0.000000,0.000000,0.000000,0.000000,0.000,0.000,0.000000,
260,VentureBeat,686449,True,0.000000,0.000000,0.000000,0.000000,0.000,0.000,0.000000,
261,TaylorLorenz,352570,True,0.000000,0.000000,0.000000,0.000000,0.000,0.000,0.000000,
262,mikeyk,456811,True,0.000000,0.000000,0.000000,0.000000,0.000,0.000,0.000000,
263,ScienceNews,5205730,True,0.000000,0.000000,0.000000,0.000000,0.000,0.000,0.000000,
264,Forbes,20268553,True,0.000000,0.000000,0.000000,0.000000,0.000,0.000,0.000000,
265,lennysan,293098,True,0.000000,0.000000,0.000000,0.000000,0.000,0.000,0.000000,
266,shreyas,309002,True,0.000000,0.000000,0.000000,0.000000,0.000,0.000,0.000000,
267,LinusEkenstam,223511,True,0.000000,0.000000,0.000000,0.000000,0.000,0.000,0.000000,
268,bing,629048,True,0.000000,0.000000,0.000000,0.000000,0.000,0.000,0.000000,
269,IBMData,235849,True,0.000000,0.000000,0.000000,0.000000,0.000,0.000,0.000000,
270,OriolVinyalsML,194920,False,0.000000,0.000000,0.000000,0.000000,0.000,0.000,-1000000000.000000,followers_below_threshold
271,pabbeel,95187,False,0.000000,0.000000,0.000000,0.000000,0.000,0.000,-1000000000.000000,followers_below_threshold
272,ClementDelangue,182272,False,0.000000,0.000000,0.000000,0.000000,0.000,0.000,-1000000000.000000,followers_below_threshold
273,jackclarkSF,106557,False,0.000000,0.000000,0.000000,0.000000,0.000,0.000,-1000000000.000000,followers_below_threshold
274,RichardSocher,114621,False,0.000000,0.000000,0.000000,0.000000,0.000,0.000,-1000000000.000000,followers_below_threshold
275,ChrSzegedy,43092,False,0.000000,0.000000,0.000000,0.000000,0.000,0.000,-1000000000.000000,followers_below_threshold
276,polynoamial,98591,False,0.000000,0.000000,0.000000,0.000000,0.000,0.000,-1000000000.000000,followers_below_threshold
277,earnmyturns,18679,False,0.000000,0.000000,0.000000,0.000000,0.000,0.000,-1000000000.000000,followers_below_threshold
278,woj_zaremba,130473,False,0.000000,0.000000,0.000000,0.000000,0.000,0.000,-1000000000.000000,followers_below_threshold
279,Miles_Brundage,65115,False,0.000000,0.000000,0.000000,0.000000,0.000,0.000,-1000000000.000000,followers_below_threshold
280,NandoDF,107570,False,0.000000,0.000000,0.000000,0.000000,0.000,0.000,-1000000000.000000,followers_below_threshold
281,erichorvitz,31086,False,0.000000,0.000000,0.000000,0.000000,0.000,0.000,-1000000000.000000,followers_below_threshold
282,chrmanning,156985,False,0.000000,0.000000,0.000000,0.000000,0.000,0.000,-1000000000.000000,followers_below_threshold
283,Thom_Wolf,100309,False,0.000000,0.000000,0.000000,0.000000,0.000,0.000,-1000000000.000000,followers_below_threshold
284,stanfordnlp,178073,False,0.000000,0.000000,0.000000,0.000000,0.000,0.000,-1000000000.000000,followers_below_threshold
285,hugo_larochelle,122324,False,0.000000,0.000000,0.000000,0.000000,0.000,0.000,-1000000000.000000,followers_below_threshold
286,kchonyc,81360,False,0.000000,0.000000,0.000000,0.000000,0.000,0.000,-1000000000.000000,followers_below_threshold
287,ZoubinGhahrama1,33036,False,0.000000,0.000000,0.000000,0.000000,0.000,0.000,-1000000000.000000,followers_below_threshold
288,doomie,19028,False,0.000000,0.000000,0.000000,0.000000,0.000,0.000,-1000000000.000000,followers_below_threshold
289,arena,124040,False,0.000000,0.000000,0.000000,0.000000,0.000,0.000,-1000000000.000000,followers_below_threshold
290,ShaneLegg,75090,False,0.000000,0.000000,0.000000,0.000000,0.000,0.000,-1000000000.000000,followers_below_threshold
291,clmt,19157,False,0.000000,0.000000,0.000000,0.000000,0.000,0.000,-1000000000.000000,followers_below_threshold
292,katecrawford,82211,False,0.000000,0.000000,0.000000,0.000000,0.000,0.000,-1000000000.000000,followers_below_threshold
293,AmandaAskell,67469,False,0.000000,0.000000,0.000000,0.000000,0.000,0.000,-1000000000.000000,followers_below_threshold
294,nxthompson,124838,False,0.000000,0.000000,0.000000,0.000000,0.000,0.000,-1000000000.000000,followers_below_threshold
295,scottbelsky,145948,False,0.000000,0.000000,0.000000,0.000000,0.000,0.000,-1000000000.000000,followers_below_threshold
296,_jasonwei,103102,False,0.000000,0.000000,0.000000,0.000000,0.000,0.000,-1000000000.000000,followers_below_threshold
297,rodneyabrooks,33114,False,0.000000,0.000000,0.000000,0.000000,0.000,0.000,-1000000000.000000,followers_below_threshold
298,chelseabfinn,87849,False,0.000000,0.000000,0.000000,0.000000,0.000,0.000,-1000000000.000000,followers_below_threshold
299,johnschulman2,71496,False,0.000000,0.000000,0.000000,0.000000,0.000,0.000,-1000000000.000000,followers_below_threshold
300,SebastianThrun,80873,False,0.000000,0.000000,0.000000,0.000000,0.000,0.000,-1000000000.000000,followers_below_threshold
301,ashleevance,186550,False,0.000000,0.000000,0.000000,0.000000,0.000,0.000,-1000000000.000000,followers_below_threshold
302,lawrennd,37908,False,0.000000,0.000000,0.000000,0.000000,0.000,0.000,-1000000000.000000,followers_below_threshold
303,DavidSHolz,98657,False,0.000000,0.000000,0.000000,0.000000,0.000,0.000,-1000000000.000000,followers_below_threshold
304,NaveenGRao,36099,False,0.000000,0.000000,0.000000,0.000000,0.000,0.000,-1000000000.000000,followers_below_threshold
305,StefanoErmon,36423,False,0.000000,0.000000,0.000000,0.000000,0.000,0.000,-1000000000.000000,followers_below_threshold
306,quocleix,60514,False,0.000000,0.000000,0.000000,0.000000,0.000,0.000,-1000000000.000000,followers_below_threshold
307,rsalakhu,110151,False,0.000000,0.000000,0.000000,0.000000,0.000,0.000,-1000000000.000000,followers_below_threshold
308,hendrycks,44100,False,0.000000,0.000000,0.000000,0.000000,0.000,0.000,-1000000000.000000,followers_below_threshold
309,tegmark,153048,False,0.000000,0.000000,0.000000,0.000000,0.000,0.000,-1000000000.000000,followers_below_threshold
310,shakir_za,45047,False,0.000000,0.000000,0.000000,0.000000,0.000,0.000,-1000000000.000000,followers_below_threshold
311,willknight,20994,False,0.000000,0.000000,0.000000,0.000000,0.000,0.000,-1000000000.000000,followers_below_threshold
312,tsimonite,16332,False,0.000000,0.000000,0.000000,0.000000,0.000,0.000,-1000000000.000000,followers_below_threshold
313,martin_casado,75273,False,0.000000,0.000000,0.000000,0.000000,0.000,0.000,-1000000000.000000,followers_below_threshold
314,lilianweng,182457,False,0.000000,0.000000,0.000000,0.000000,0.000,0.000,-1000000000.000000,followers_below_threshold
315,benhamner,31773,False,0.000000,0.000000,0.000000,0.000000,0.000,0.000,-1000000000.000000,followers_below_threshold
316,mims,96925,False,0.000000,0.000000,0.000000,0.000000,0.000,0.000,-1000000000.000000,followers_below_threshold
317,mer__edith,111833,False,0.000000,0.000000,0.000000,0.000000,0.000,0.000,-1000000000.000000,followers_below_threshold
318,danielgross,127887,False,0.000000,0.000000,0.000000,0.000000,0.000,0.000,-1000000000.000000,followers_below_threshold
319,adamdangelo,110560,False,0.000000,0.000000,0.000000,0.000000,0.000,0.000,-1000000000.000000,followers_below_threshold
320,npew,42296,False,0.000000,0.000000,0.000000,0.000000,0.000,0.000,-1000000000.000000,followers_below_threshold
321,markchen90,68185,False,0.000000,0.000000,0.000000,0.000000,0.000,0.000,-1000000000.000000,followers_below_threshold
322,zicokolter,27141,False,0.000000,0.000000,0.000000,0.000000,0.000,0.000,-1000000000.000000,followers_below_threshold
323,willdepue,54588,False,0.000000,0.000000,0.000000,0.000000,0.000,0.000,-1000000000.000000,followers_below_threshold
324,AlecRad,60423,False,0.000000,0.000000,0.000000,0.000000,0.000,0.000,-1000000000.000000,followers_below_threshold
325,ch402,128621,False,0.000000,0.000000,0.000000,0.000000,0.000,0.000,-1000000000.000000,followers_below_threshold
326,percyliang,92698,False,0.000000,0.000000,0.000000,0.000000,0.000,0.000,-1000000000.000000,followers_below_threshold
327,simonw,140911,False,0.000000,0.000000,0.000000,0.000000,0.000,0.000,-1000000000.000000,followers_below_threshold
328,poolio,21190,False,0.000000,0.000000,0.000000,0.000000,0.000,0.000,-1000000000.000000,followers_below_threshold
329,NeurIPSConf,149134,False,0.000000,0.000000,0.000000,0.000000,0.000,0.000,-1000000000.000000,followers_below_threshold
330,jaschasd,27752,False,0.000000,0.000000,0.000000,0.000000,0.000,0.000,-1000000000.000000,followers_below_threshold
331,svlevine,118179,False,0.000000,0.000000,0.000000,0.000000,0.000,0.000,-1000000000.000000,followers_below_threshold
332,haldaume3,26282,False,0.000000,0.000000,0.000000,0.000000,0.000,0.000,-1000000000.000000,followers_below_threshold
333,dustinvtran,57457,False,0.000000,0.000000,0.000000,0.000000,0.000,0.000,-1000000000.000000,followers_below_threshold
334,arthurmensch,54657,False,0.000000,0.000000,0.000000,0.000000,0.000,0.000,-1000000000.000000,followers_below_threshold
335,ryan_p_adams,35048,False,0.000000,0.000000,0.000000,0.000000,0.000,0.000,-1000000000.000000,followers_below_threshold
336,johnplattml,23887,False,0.000000,0.000000,0.000000,0.000000,0.000,0.000,-1000000000.000000,followers_below_threshold
337,MelMitchell1,49565,False,0.000000,0.000000,0.000000,0.000000,0.000,0.000,-1000000000.000000,followers_below_threshold
338,tdietterich,59529,False,0.000000,0.000000,0.000000,0.000000,0.000,0.000,-1000000000.000000,followers_below_threshold
339,dpkingma,51632,False,0.000000,0.000000,0.000000,0.000000,0.000,0.000,-1000000000.000000,followers_below_threshold
340,maxjaderberg,16803,False,0.000000,0.000000,0.000000,0.000000,0.000,0.000,-1000000000.000000,followers_below_threshold
341,koraykv,20521,False,0.000000,0.000000,0.000000,0.000000,0.000,0.000,-1000000000.000000,followers_below_threshold
342,PartnershipAI,29909,False,0.000000,0.000000,0.000000,0.000000,0.000,0.000,-1000000000.000000,followers_below_threshold
343,RaiaHadsell,9714,False,0.000000,0.000000,0.000000,0.000000,0.000,0.000,-1000000000.000000,followers_below_threshold
344,terahlyons,5762,False,0.000000,0.000000,0.000000,0.000000,0.000,0.000,-1000000000.000000,followers_below_threshold
345,dwarkesh_sp,172898,False,0.000000,0.000000,0.000000,0.000000,0.000,0.000,-1000000000.000000,followers_below_threshold
346,stephen_wolfram,178228,False,0.000000,0.000000,0.000000,0.000000,0.000,0.000,-1000000000.000000,followers_below_threshold
347,beffjezos,195185,False,0.000000,0.000000,0.000000,0.000000,0.000,0.000,-1000000000.000000,followers_below_threshold
348,goodside,161215,False,0.000000,0.000000,0.000000,0.000000,0.000,0.000,-1000000000.000000,followers_below_threshold
349,rbhar90,12345,False,0.000000,0.000000,0.000000,0.000000,0.000,0.000,-1000000000.000000,followers_below_threshold
350,Grady_Booch,168842,False,0.000000,0.000000,0.000000,0.000000,0.000,0.000,-1000000000.000000,followers_below_threshold
351,CadeMetz,31387,False,0.000000,0.000000,0.000000,0.000000,0.000,0.000,-1000000000.000000,followers_below_threshold
352,StevenLevy,102952,False,0.000000,0.000000,0.000000,0.000000,0.000,0.000,-1000000000.000000,followers_below_threshold
353,kevinroose,167413,False,0.000000,0.000000,0.000000,0.000000,0.000,0.000,-1000000000.000000,followers_below_threshold
354,pmddomingos,117442,False,0.000000,0.000000,0.000000,0.000000,0.000,0.000,-1000000000.000000,followers_below_threshold
355,dawnsongtweets,35326,False,0.000000,0.000000,0.000000,0.000000,0.000,0.000,-1000000000.000000,followers_below_threshold
356,leopoldasch,87028,False,0.000000,0.000000,0.000000,0.000000,0.000,0.000,-1000000000.000000,followers_below_threshold
357,DaniloJRezende,35026,False,0.000000,0.000000,0.000000,0.000000,0.000,0.000,-1000000000.000000,followers_below_threshold
358,saranormous,125462,False,0.000000,0.000000,0.000000,0.000000,0.000,0.000,-1000000000.000000,followers_below_threshold
359,model_mechanic,55146,False,0.000000,0.000000,0.000000,0.000000,0.000,0.000,-1000000000.000000,followers_below_threshold
360,jeffclune,30062,False,0.000000,0.000000,0.000000,0.000000,0.000,0.000,-1000000000.000000,followers_below_threshold
361,Smerity,32181,False,0.000000,0.000000,0.000000,0.000000,0.000,0.000,-1000000000.000000,followers_below_threshold
362,janleike,120127,False,0.000000,0.000000,0.000000,0.000000,0.000,0.000,-1000000000.000000,followers_below_threshold
363,LiamFedus,32593,False,0.000000,0.000000,0.000000,0.000000,0.000,0.000,-1000000000.000000,followers_below_threshold
364,lulumeservey,128495,False,0.000000,0.000000,0.000000,0.000000,0.000,0.000,-1000000000.000000,followers_below_threshold
365,scottgray76,9298,False,0.000000,0.000000,0.000000,0.000000,0.000,0.000,-1000000000.000000,followers_below_threshold
366,FutureJurvetson,103660,False,0.000000,0.000000,0.000000,0.000000,0.000,0.000,-1000000000.000000,followers_below_threshold
367,adampaulcoates,30480,False,0.000000,0.000000,0.000000,0.000000,0.000,0.000,-1000000000.000000,followers_below_threshold
368,LauraDeming,50667,False,0.000000,0.000000,0.000000,0.000000,0.000,0.000,-1000000000.000000,followers_below_threshold
369,bobmcgrewai,29933,False,0.000000,0.000000,0.000000,0.000000,0.000,0.000,-1000000000.000000,followers_below_threshold
370,Plinz,156663,False,0.000000,0.000000,0.000000,0.000000,0.000,0.000,-1000000000.000000,followers_below_threshold
371,catherineols,18747,False,0.000000,0.000000,0.000000,0.000000,0.000,0.000,-1000000000.000000,followers_below_threshold
372,GuillaumeLample,42378,False,0.000000,0.000000,0.000000,0.000000,0.000,0.000,-1000000000.000000,followers_below_threshold
373,quantombone,14832,False,0.000000,0.000000,0.000000,0.000000,0.000,0.000,-1000000000.000000,followers_below_threshold
374,random_walker,125674,False,0.000000,0.000000,0.000000,0.000000,0.000,0.000,-1000000000.000000,followers_below_threshold
375,ericjang11,112921,False,0.000000,0.000000,0.000000,0.000000,0.000,0.000,-1000000000.000000,followers_below_threshold
376,akanazawa,19857,False,0.000000,0.000000,0.000000,0.000000,0.000,0.000,-1000000000.000000,followers_below_threshold
377,pathak2206,25932,False,0.000000,0.000000,0.000000,0.000000,0.000,0.000,-1000000000.000000,followers_below_threshold
378,realSharonZhou,25694,False,0.000000,0.000000,0.000000,0.000000,0.000,0.000,-1000000000.000000,followers_below_threshold
379,paperswithcode,114067,False,0.000000,0.000000,0.000000,0.000000,0.000,0.000,-1000000000.000000,followers_below_threshold
380,_rockt,41243,False,0.000000,0.000000,0.000000,0.000000,0.000,0.000,-1000000000.000000,followers_below_threshold
381,yaringal,42188,False,0.000000,0.000000,0.000000,0.000000,0.000,0.000,-1000000000.000000,followers_below_threshold
382,DynamicWebPaige,72517,False,0.000000,0.000000,0.000000,0.000000,0.000,0.000,-1000000000.000000,followers_below_threshold
383,chipro,124195,False,0.000000,0.000000,0.000000,0.000000,0.000,0.000,-1000000000.000000,followers_below_threshold
384,jerryjliu0,68232,False,0.000000,0.000000,0.000000,0.000000,0.000,0.000,-1000000000.000000,followers_below_threshold
385,RandomlyWalking,17182,False,0.000000,0.000000,0.000000,0.000000,0.000,0.000,-1000000000.000000,followers_below_threshold
386,_KarenHao,78410,False,0.000000,0.000000,0.000000,0.000000,0.000,0.000,-1000000000.000000,followers_below_threshold
387,AINowInstitute,57743,False,0.000000,0.000000,0.000000,0.000000,0.000,0.000,-1000000000.000000,followers_below_threshold
388,aidangomez,33649,False,0.000000,0.000000,0.000000,0.000000,0.000,0.000,-1000000000.000000,followers_below_threshold
389,dpatil,79688,False,0.000000,0.000000,0.000000,0.000000,0.000,0.000,-1000000000.000000,followers_below_threshold
390,douglas_eck,12984,False,0.000000,0.000000,0.000000,0.000000,0.000,0.000,-1000000000.000000,followers_below_threshold
391,antgoldbloom,43412,False,0.000000,0.000000,0.000000,0.000000,0.000,0.000,-1000000000.000000,followers_below_threshold
392,deviparikh,26813,False,0.000000,0.000000,0.000000,0.000000,0.000,0.000,-1000000000.000000,followers_below_threshold
393,bindureddy,172012,False,0.000000,0.000000,0.000000,0.000000,0.000,0.000,-1000000000.000000,followers_below_threshold
394,zacharylipton,64682,False,0.000000,0.000000,0.000000,0.000000,0.000,0.000,-1000000000.000000,followers_below_threshold
395,RogerGrosse,11398,False,0.000000,0.000000,0.000000,0.000000,0.000,0.000,-1000000000.000000,followers_below_threshold
396,frossi_t,8345,False,0.000000,0.000000,0.000000,0.000000,0.000,0.000,-1000000000.000000,followers_below_threshold
397,tabithagold,14738,False,0.000000,0.000000,0.000000,0.000000,0.000,0.000,-1000000000.000000,followers_below_threshold
398,ancadianadragan,13245,False,0.000000,0.000000,0.000000,0.000000,0.000,0.000,-1000000000.000000,followers_below_threshold
399,tengyuma,40130,False,0.000000,0.000000,0.000000,0.000000,0.000,0.000,-1000000000.000000,followers_below_threshold
400,dylan522p,109194,False,0.000000,0.000000,0.000000,0.000000,0.000,0.000,-1000000000.000000,followers_below_threshold
401,ruchowdh,40411,False,0.000000,0.000000,0.000000,0.000000,0.000,0.000,-1000000000.000000,followers_below_threshold
402,triketora,106991,False,0.000000,0.000000,0.000000,0.000000,0.000,0.000,-1000000000.000000,followers_below_threshold
403,nitashatiku,62260,False,0.000000,0.000000,0.000000,0.000000,0.000,0.000,-1000000000.000000,followers_below_threshold
404,chr1sa,175320,False,0.000000,0.000000,0.000000,0.000000,0.000,0.000,-1000000000.000000,followers_below_threshold
405,robot_MD,11382,False,0.000000,0.000000,0.000000,0.000000,0.000,0.000,-1000000000.000000,followers_below_threshold
406,nalkalc,36079,False,0.000000,0.000000,0.000000,0.000000,0.000,0.000,-1000000000.000000,followers_below_threshold
407,justindross,40970,False,0.000000,0.000000,0.000000,0.000000,0.000,0.000,-1000000000.000000,followers_below_threshold
408,BorisMPower,47563,False,0.000000,0.000000,0.000000,0.000000,0.000,0.000,-1000000000.000000,followers_below_threshold
409,eriktorenberg,149497,False,0.000000,0.000000,0.000000,0.000000,0.000,0.000,-1000000000.000000,followers_below_threshold
410,nickcammarata,89386,False,0.000000,0.000000,0.000000,0.000000,0.000,0.000,-1000000000.000000,followers_below_threshold
411,fidjissimo,77261,False,0.000000,0.000000,0.000000,0.000000,0.000,0.000,-1000000000.000000,followers_below_threshold
412,gwern,75336,False,0.000000,0.000000,0.000000,0.000000,0.000,0.000,-1000000000.000000,followers_below_threshold
413,mntruell,52785,False,0.000000,0.000000,0.000000,0.000000,0.000,0.000,-1000000000.000000,followers_below_threshold
414,GillVerd,63894,False,0.000000,0.000000,0.000000,0.000000,0.000,0.000,-1000000000.000000,followers_below_threshold
415,BrendanEich,193314,False,0.000000,0.000000,0.000000,0.000000,0.000,0.000,-1000000000.000000,followers_below_threshold
416,natashajaques,32055,False,0.000000,0.000000,0.000000,0.000000,0.000,0.000,-1000000000.000000,followers_below_threshold
417,ibab,104786,False,0.000000,0.000000,0.000000,0.000000,0.000,0.000,-1000000000.000000,followers_below_threshold
418,roelofbotha,122628,False,0.000000,0.000000,0.000000,0.000000,0.000,0.000,-1000000000.000000,followers_below_threshold
419,isafulf,35491,False,0.000000,0.000000,0.000000,0.000000,0.000,0.000,-1000000000.000000,followers_below_threshold
420,markpinc,118564,False,0.000000,0.000000,0.000000,0.000000,0.000,0.000,-1000000000.000000,followers_below_threshold
421,kevin_scott,30307,False,0.000000,0.000000,0.000000,0.000000,0.000,0.000,-1000000000.000000,followers_below_threshold
422,sharifshameem,64699,False,0.000000,0.000000,0.000000,0.000000,0.000,0.000,-1000000000.000000,followers_below_threshold
423,michael_nielsen,112817,False,0.000000,0.000000,0.000000,0.000000,0.000,0.000,-1000000000.000000,followers_below_threshold
424,kalinowski007,11622,False,0.000000,0.000000,0.000000,0.000000,0.000,0.000,-1000000000.000000,followers_below_threshold
425,bradlightcap,34504,False,0.000000,0.000000,0.000000,0.000000,0.000,0.000,-1000000000.000000,followers_below_threshold
426,schrep,98947,False,0.000000,0.000000,0.000000,0.000000,0.000,0.000,-1000000000.000000,followers_below_threshold
427,rivatez,76791,False,0.000000,0.000000,0.000000,0.000000,0.000,0.000,-1000000000.000000,followers_below_threshold
428,eshear,119702,False,0.000000,0.000000,0.000000,0.000000,0.000,0.000,-1000000000.000000,followers_below_threshold
429,sandersted,9535,False,0.000000,0.000000,0.000000,0.000000,0.000,0.000,-1000000000.000000,followers_below_threshold
430,_sholtodouglas,36201,False,0.000000,0.000000,0.000000,0.000000,0.000,0.000,-1000000000.000000,followers_below_threshold
431,btaylor,148134,False,0.000000,0.000000,0.000000,0.000000,0.000,0.000,-1000000000.000000,followers_below_threshold
432,evanjconrad,15614,False,0.000000,0.000000,0.000000,0.000000,0.000,0.000,-1000000000.000000,followers_below_threshold
433,rapha_gl,10803,False,0.000000,0.000000,0.000000,0.000000,0.000,0.000,-1000000000.000000,followers_below_threshold
434,nottombrown,8171,False,0.000000,0.000000,0.000000,0.000000,0.000,0.000,-1000000000.000000,followers_below_threshold
435,shaneguML,46363,False,0.000000,0.000000,0.000000,0.000000,0.000,0.000,-1000000000.000000,followers_below_threshold
436,juliagalef,110007,False,0.000000,0.000000,0.000000,0.000000,0.000,0.000,-1000000000.000000,followers_below_threshold
437,SebastienBubeck,64019,False,0.000000,0.000000,0.000000,0.000000,0.000,0.000,-1000000000.000000,followers_below_threshold
438,zoink,152513,False,0.000000,0.000000,0.000000,0.000000,0.000,0.000,-1000000000.000000,followers_below_threshold
439,amuellerml,48376,False,0.000000,0.000000,0.000000,0.000000,0.000,0.000,-1000000000.000000,followers_below_threshold
440,julien_c,67607,False,0.000000,0.000000,0.000000,0.000000,0.000,0.000,-1000000000.000000,followers_below_threshold
441,SingularMattrix,13498,False,0.000000,0.000000,0.000000,0.000000,0.000,0.000,-1000000000.000000,followers_below_threshold
442,hwchase17,86013,False,0.000000,0.000000,0.000000,0.000000,0.000,0.000,-1000000000.000000,followers_below_threshold
443,Teknium,52193,False,0.000000,0.000000,0.000000,0.000000,0.000,0.000,-1000000000.000000,followers_below_threshold
444,notmisha,25440,False,0.000000,0.000000,0.000000,0.000000,0.000,0.000,-1000000000.000000,followers_below_threshold
445,msbernst,17945,False,0.000000,0.000000,0.000000,0.000000,0.000,0.000,-1000000000.000000,followers_below_threshold
446,jure,44411,False,0.000000,0.000000,0.000000,0.000000,0.000,0.000,-1000000000.000000,followers_below_threshold
447,williamfalcon,15297,False,0.000000,0.000000,0.000000,0.000000,0.000,0.000,-1000000000.000000,followers_below_threshold
448,jiayq,17876,False,0.000000,0.000000,0.000000,0.000000,0.000,0.000,-1000000000.000000,followers_below_threshold
449,jcjohnss,20720,False,0.000000,0.000000,0.000000,0.000000,0.000,0.000,-1000000000.000000,followers_below_threshold
450,mark_riedl,32521,False,0.000000,0.000000,0.000000,0.000000,0.000,0.000,-1000000000.000000,followers_below_threshold
451,rpoo,40065,False,0.000000,0.000000,0.000000,0.000000,0.000,0.000,-1000000000.000000,followers_below_threshold
452,iamtrask,79515,False,0.000000,0.000000,0.000000,0.000000,0.000,0.000,-1000000000.000000,followers_below_threshold
453,MistralAI,167035,False,0.000000,0.000000,0.000000,0.000000,0.000,0.000,-1000000000.000000,followers_below_threshold
454,aelluswamy,183104,False,0.000000,0.000000,0.000000,0.000000,0.000,0.000,-1000000000.000000,followers_below_threshold
455,arankomatsuzaki,156475,False,0.000000,0.000000,0.000000,0.000000,0.000,0.000,-1000000000.000000,followers_below_threshold
456,swyx,139094,False,0.000000,0.000000,0.000000,0.000000,0.000,0.000,-1000000000.000000,followers_below_threshold
457,matei_zaharia,46143,False,0.000000,0.000000,0.000000,0.000000,0.000,0.000,-1000000000.000000,followers_below_threshold
458,SergeBelongie,9661,False,0.000000,0.000000,0.000000,0.000000,0.000,0.000,-1000000000.000000,followers_below_threshold
459,ctnzr,23704,False,0.000000,0.000000,0.000000,0.000000,0.000,0.000,-1000000000.000000,followers_below_threshold
460,deanwball,21506,False,0.000000,0.000000,0.000000,0.000000,0.000,0.000,-1000000000.000000,followers_below_threshold
461,kyutai_labs,25703,False,0.000000,0.000000,0.000000,0.000000,0.000,0.000,-1000000000.000000,followers_below_threshold
462,seb_ruder,94407,False,0.000000,0.000000,0.000000,0.000000,0.000,0.000,-1000000000.000000,followers_below_threshold
463,sirbayes,65781,False,0.000000,0.000000,0.000000,0.000000,0.000,0.000,-1000000000.000000,followers_below_threshold
464,awnihannun,37362,False,0.000000,0.000000,0.000000,0.000000,0.000,0.000,-1000000000.000000,followers_below_threshold
465,lishali88,17460,False,0.000000,0.000000,0.000000,0.000000,0.000,0.000,-1000000000.000000,followers_below_threshold
466,RamaswmySridhar,30198,False,0.000000,0.000000,0.000000,0.000000,0.000,0.000,-1000000000.000000,followers_below_threshold
467,SchmidhuberAI,179811,False,0.000000,0.000000,0.000000,0.000000,0.000,0.000,-1000000000.000000,followers_below_threshold
468,sarahookr,55302,False,0.000000,0.000000,0.000000,0.000000,0.000,0.000,-1000000000.000000,followers_below_threshold
469,egrefen,44349,False,0.000000,0.000000,0.000000,0.000000,0.000,0.000,-1000000000.000000,followers_below_threshold
470,edchi,12806,False,0.000000,0.000000,0.000000,0.000000,0.000,0.000,-1000000000.000000,followers_below_threshold
471,WiMLworkshop,17639,False,0.000000,0.000000,0.000000,0.000000,0.000,0.000,-1000000000.000000,followers_below_threshold
472,Ahmad_Al_Dahle,24582,False,0.000000,0.000000,0.000000,0.000000,0.000,0.000,-1000000000.000000,followers_below_threshold
473,DhruvBatra_,20184,False,0.000000,0.000000,0.000000,0.000000,0.000,0.000,-1000000000.000000,followers_below_threshold
474,YejinChoinka,27905,False,0.000000,0.000000,0.000000,0.000000,0.000,0.000,-1000000000.000000,followers_below_threshold
475,KyleCranmer,17456,False,0.000000,0.000000,0.000000,0.000000,0.000,0.000,-1000000000.000000,followers_below_threshold
476,david_sontag,9097,False,0.000000,0.000000,0.000000,0.000000,0.000,0.000,-1000000000.000000,followers_below_threshold
477,jovialjoy,93864,False,0.000000,0.000000,0.000000,0.000000,0.000,0.000,-1000000000.000000,followers_below_threshold
478,AnimaAnandkumar,35550,False,0.000000,0.000000,0.000000,0.000000,0.000,0.000,-1000000000.000000,followers_below_threshold
479,alexalbert__,116776,False,0.000000,0.000000,0.000000,0.000000,0.000,0.000,-1000000000.000000,followers_below_threshold
480,ekuyda,16445,False,0.000000,0.000000,0.000000,0.000000,0.000,0.000,-1000000000.000000,followers_below_threshold
481,fastdotai,130085,False,0.000000,0.000000,0.000000,0.000000,0.000,0.000,-1000000000.000000,followers_below_threshold
482,mmitchell_ai,81135,False,0.000000,0.000000,0.000000,0.000000,0.000,0.000,-1000000000.000000,followers_below_threshold
483,sh_reya,50315,False,0.000000,0.000000,0.000000,0.000000,0.000,0.000,-1000000000.000000,followers_below_threshold
484,_beenkim,26888,False,0.000000,0.000000,0.000000,0.000000,0.000,0.000,-1000000000.000000,followers_below_threshold
485,venturetwins,148960,False,0.000000,0.000000,0.000000,0.000000,0.000,0.000,-1000000000.000000,followers_below_threshold
486,ssi,106229,False,0.000000,0.000000,0.000000,0.000000,0.000,0.000,-1000000000.000000,followers_below_threshold
487,yeewhye,25288,False,0.000000,0.000000,0.000000,0.000000,0.000,0.000,-1000000000.000000,followers_below_threshold
488,nickfrosst,16222,False,0.000000,0.000000,0.000000,0.000000,0.000,0.000,-1000000000.000000,followers_below_threshold
489,_arohan_,37290,False,0.000000,0.000000,0.000000,0.000000,0.000,0.000,-1000000000.000000,followers_below_threshold
490,mkratsios47,25294,False,0.000000,0.000000,0.000000,0.000000,0.000,0.000,-1000000000.000000,followers_below_threshold
491,NanoBanana,145619,False,0.000000,0.000000,0.000000,0.000000,0.000,0.000,-1000000000.000000,followers_below_threshold
492,dileeplearning,14773,False,0.000000,0.000000,0.000000,0.000000,0.000,0.000,-1000000000.000000,followers_below_threshold
493,JackK,18760,False,0.000000,0.000000,0.000000,0.000000,0.000,0.000,-1000000000.000000,followers_below_threshold
494,joshwoodward,45173,False,0.000000,0.000000,0.000000,0.000000,0.000,0.000,-1000000000.000000,followers_below_threshold
495,azeem,48379,False,0.000000,0.000000,0.000000,0.000000,0.000,0.000,-1000000000.000000,followers_below_threshold
496,maithra_raghu,20344,False,0.000000,0.000000,0.000000,0.000000,0.000,0.000,-1000000000.000000,followers_below_threshold
497,an_open_mind,16345,False,0.000000,0.000000,0.000000,0.000000,0.000,0.000,-1000000000.000000,followers_below_threshold
498,amcafee,65231,False,0.000000,0.000000,0.000000,0.000000,0.000,0.000,-1000000000.000000,followers_below_threshold
499,ComputerHistory,43484,False,0.000000,0.000000,0.000000,0.000000,0.000,0.000,-1000000000.000000,followers_below_threshold
500,Francis_YAO_,20908,False,0.000000,0.000000,0.000000,0.000000,0.000,0.000,-1000000000.000000,followers_below_threshold
501,j2bryson,28627,False,0.000000,0.000000,0.000000,0.000000,0.000,0.000,-1000000000.000000,followers_below_threshold
502,alliekmiller,81586,False,0.000000,0.000000,0.000000,0.000000,0.000,0.000,-1000000000.000000,followers_below_threshold
503,tristanharris,191767,False,0.000000,0.000000,0.000000,0.000000,0.000,0.000,-1000000000.000000,followers_below_threshold
504,kaliouby,33408,False,0.000000,0.000000,0.000000,0.000000,0.000,0.000,-1000000000.000000,followers_below_threshold
505,jessiwrites,31390,False,0.000000,0.000000,0.000000,0.000000,0.000,0.000,-1000000000.000000,followers_below_threshold
506,Yuchenj_UW,78975,False,0.000000,0.000000,0.000000,0.000000,0.000,0.000,-1000000000.000000,followers_below_threshold
507,indexingai,9792,False,0.000000,0.000000,0.000000,0.000000,0.000,0.000,-1000000000.000000,followers_below_threshold
508,lm_zheng,15451,False,0.000000,0.000000,0.000000,0.000000,0.000,0.000,-1000000000.000000,followers_below_threshold
509,thinkmariya,23941,False,0.000000,0.000000,0.000000,0.000000,0.000,0.000,-1000000000.000000,followers_below_threshold
510,slatestarcodex,159087,False,0.000000,0.000000,0.000000,0.000000,0.000,0.000,-1000000000.000000,followers_below_threshold
511,IrwanBello,6820,False,0.000000,0.000000,0.000000,0.000000,0.000,0.000,-1000000000.000000,followers_below_threshold
512,repligate,62687,False,0.000000,0.000000,0.000000,0.000000,0.000,0.000,-1000000000.000000,followers_below_threshold
513,aliisarosenthal,3583,False,0.000000,0.000000,0.000000,0.000000,0.000,0.000,-1000000000.000000,followers_below_threshold
514,jasonkwon,26792,False,0.000000,0.000000,0.000000,0.000000,0.000,0.000,-1000000000.000000,followers_below_threshold
515,jiangelaa,8732,False,0.000000,0.000000,0.000000,0.000000,0.000,0.000,-1000000000.000000,followers_below_threshold
516,prafdhar,43442,False,0.000000,0.000000,0.000000,0.000000,0.000,0.000,-1000000000.000000,followers_below_threshold
517,jimihendrixlive,24103,False,0.000000,0.000000,0.000000,0.000000,0.000,0.000,-1000000000.000000,followers_below_threshold
518,nikiparmar09,15300,False,0.000000,0.000000,0.000000,0.000000,0.000,0.000,-1000000000.000000,followers_below_threshold
519,rahulvohra,65113,False,0.000000,0.000000,0.000000,0.000000,0.000,0.000,-1000000000.000000,followers_below_threshold
520,aleks_madry,37379,False,0.000000,0.000000,0.000000,0.000000,0.000,0.000,-1000000000.000000,followers_below_threshold
521,chudson,44828,False,0.000000,0.000000,0.000000,0.000000,0.000,0.000,-1000000000.000000,followers_below_threshold
522,jeffintime,3825,False,0.000000,0.000000,0.000000,0.000000,0.000,0.000,-1000000000.000000,followers_below_threshold
523,joshbuckley,39869,False,0.000000,0.000000,0.000000,0.000000,0.000,0.000,-1000000000.000000,followers_below_threshold
524,lachygroom,31227,False,0.000000,0.000000,0.000000,0.000000,0.000,0.000,-1000000000.000000,followers_below_threshold
525,photomatt,152207,False,0.000000,0.000000,0.000000,0.000000,0.000,0.000,-1000000000.000000,followers_below_threshold
526,josh_tobin_,13764,False,0.000000,0.000000,0.000000,0.000000,0.000,0.000,-1000000000.000000,followers_below_threshold
527,edwinarbus,25669,False,0.000000,0.000000,0.000000,0.000000,0.000,0.000,-1000000000.000000,followers_below_threshold
528,mojombo,46116,False,0.000000,0.000000,0.000000,0.000000,0.000,0.000,-1000000000.000000,followers_below_threshold
529,RonConway,117611,False,0.000000,0.000000,0.000000,0.000000,0.000,0.000,-1000000000.000000,followers_below_threshold
530,jeffreyhuber,9192,False,0.000000,0.000000,0.000000,0.000000,0.000,0.000,-1000000000.000000,followers_below_threshold
531,ashleymayer,61661,False,0.000000,0.000000,0.000000,0.000000,0.000,0.000,-1000000000.000000,followers_below_threshold
532,kimmaicutler,57056,False,0.000000,0.000000,0.000000,0.000000,0.000,0.000,-1000000000.000000,followers_below_threshold
533,harryshum,15877,False,0.000000,0.000000,0.000000,0.000000,0.000,0.000,-1000000000.000000,followers_below_threshold
534,boztank,122100,False,0.000000,0.000000,0.000000,0.000000,0.000,0.000,-1000000000.000000,followers_below_threshold
535,m2jr,108647,False,0.000000,0.000000,0.000000,0.000000,0.000,0.000,-1000000000.000000,followers_below_threshold
536,yanndubs,11873,False,0.000000,0.000000,0.000000,0.000000,0.000,0.000,-1000000000.000000,followers_below_threshold
537,davidmarcus,192225,False,0.000000,0.000000,0.000000,0.000000,0.000,0.000,-1000000000.000000,followers_below_threshold
538,yishan,105871,False,0.000000,0.000000,0.000000,0.000000,0.000,0.000,-1000000000.000000,followers_below_threshold
539,timzaman,33982,False,0.000000,0.000000,0.000000,0.000000,0.000,0.000,-1000000000.000000,followers_below_threshold
540,ren_hongyu,22381,False,0.000000,0.000000,0.000000,0.000000,0.000,0.000,-1000000000.000000,followers_below_threshold
541,Fraser,13554,False,0.000000,0.000000,0.000000,0.000000,0.000,0.000,-1000000000.000000,followers_below_threshold
542,msquinn,64048,False,0.000000,0.000000,0.000000,0.000000,0.000,0.000,-1000000000.000000,followers_below_threshold
543,barret_zoph,24681,False,0.000000,0.000000,0.000000,0.000000,0.000,0.000,-1000000000.000000,followers_below_threshold
544,starsandrobots,19804,False,0.000000,0.000000,0.000000,0.000000,0.000,0.000,-1000000000.000000,followers_below_threshold
545,shyamalanadkat,20990,False,0.000000,0.000000,0.000000,0.000000,0.000,0.000,-1000000000.000000,followers_below_threshold
546,EdwardSun0909,19613,False,0.000000,0.000000,0.000000,0.000000,0.000,0.000,-1000000000.000000,followers_below_threshold
547,billpeeb,43055,False,0.000000,0.000000,0.000000,0.000000,0.000,0.000,-1000000000.000000,followers_below_threshold
548,Conaw,38498,False,0.000000,0.000000,0.000000,0.000000,0.000,0.000,-1000000000.000000,followers_below_threshold
549,jluan,11491,False,0.000000,0.000000,0.000000,0.000000,0.000,0.000,-1000000000.000000,followers_below_threshold
550,boazbaraktcs,28246,False,0.000000,0.000000,0.000000,0.000000,0.000,0.000,-1000000000.000000,followers_below_threshold
551,romainhuet,35646,False,0.000000,0.000000,0.000000,0.000000,0.000,0.000,-1000000000.000000,followers_below_threshold
552,jack_w_rae,23805,False,0.000000,0.000000,0.000000,0.000000,0.000,0.000,-1000000000.000000,followers_below_threshold
553,karinanguyen_,42936,False,0.000000,0.000000,0.000000,0.000000,0.000,0.000,-1000000000.000000,followers_below_threshold
554,jimkxa,45443,False,0.000000,0.000000,0.000000,0.000000,0.000,0.000,-1000000000.000000,followers_below_threshold
555,joshm,84122,False,0.000000,0.000000,0.000000,0.000000,0.000,0.000,-1000000000.000000,followers_below_threshold
556,nealkhosla,29341,False,0.000000,0.000000,0.000000,0.000000,0.000,0.000,-1000000000.000000,followers_below_threshold
557,dsiroker,38309,False,0.000000,0.000000,0.000000,0.000000,0.000,0.000,-1000000000.000000,followers_below_threshold
558,Luke_Metz,17415,False,0.000000,0.000000,0.000000,0.000000,0.000,0.000,-1000000000.000000,followers_below_threshold
559,GeoffLewisOrg,53777,False,0.000000,0.000000,0.000000,0.000000,0.000,0.000,-1000000000.000000,followers_below_threshold
560,nearcyan,100732,False,0.000000,0.000000,0.000000,0.000000,0.000,0.000,-1000000000.000000,followers_below_threshold
561,shengjia_zhao,51376,False,0.000000,0.000000,0.000000,0.000000,0.000,0.000,-1000000000.000000,followers_below_threshold
562,MillionInt,29953,False,0.000000,0.000000,0.000000,0.000000,0.000,0.000,-1000000000.000000,followers_below_threshold
563,TheRealAdamG,31216,False,0.000000,0.000000,0.000000,0.000000,0.000,0.000,-1000000000.000000,followers_below_threshold
564,sleepinyourhat,52864,False,0.000000,0.000000,0.000000,0.000000,0.000,0.000,-1000000000.000000,followers_below_threshold
565,_catwu,52289,False,0.000000,0.000000,0.000000,0.000000,0.000,0.000,-1000000000.000000,followers_below_threshold
566,silviocinguetta,11475,False,0.000000,0.000000,0.000000,0.000000,0.000,0.000,-1000000000.000000,followers_below_threshold
567,prfsanjeevarora,26013,False,0.000000,0.000000,0.000000,0.000000,0.000,0.000,-1000000000.000000,followers_below_threshold
568,driainmurray,10122,False,0.000000,0.000000,0.000000,0.000000,0.000,0.000,-1000000000.000000,followers_below_threshold
569,l2k,24417,False,0.000000,0.000000,0.000000,0.000000,0.000,0.000,-1000000000.000000,followers_below_threshold
570,_milankovac_,57306,False,0.000000,0.000000,0.000000,0.000000,0.000,0.000,-1000000000.000000,followers_below_threshold
571,clattner_llvm,88900,False,0.000000,0.000000,0.000000,0.000000,0.000,0.000,-1000000000.000000,followers_below_threshold
572,tomgoldsteincs,27198,False,0.000000,0.000000,0.000000,0.000000,0.000,0.000,-1000000000.000000,followers_below_threshold
573,natolambert,63776,False,0.000000,0.000000,0.000000,0.000000,0.000,0.000,-1000000000.000000,followers_below_threshold
574,tri_dao,35632,False,0.000000,0.000000,0.000000,0.000000,0.000,0.000,-1000000000.000000,followers_below_threshold
575,dwf,5226,False,0.000000,0.000000,0.000000,0.000000,0.000,0.000,-1000000000.000000,followers_below_threshold
576,quasimondo,57335,False,0.000000,0.000000,0.000000,0.000000,0.000,0.000,-1000000000.000000,followers_below_threshold
577,armandjoulin,6261,False,0.000000,0.000000,0.000000,0.000000,0.000,0.000,-1000000000.000000,followers_below_threshold
578,nathanbenaich,65181,False,0.000000,0.000000,0.000000,0.000000,0.000,0.000,-1000000000.000000,followers_below_threshold
579,elder_plinius,153477,False,0.000000,0.000000,0.000000,0.000000,0.000,0.000,-1000000000.000000,followers_below_threshold
580,BenMildenhall,8689,False,0.000000,0.000000,0.000000,0.000000,0.000,0.000,-1000000000.000000,followers_below_threshold
581,ggerganov,53098,False,0.000000,0.000000,0.000000,0.000000,0.000,0.000,-1000000000.000000,followers_below_threshold
582,c_valenzuelab,44940,False,0.000000,0.000000,0.000000,0.000000,0.000,0.000,-1000000000.000000,followers_below_threshold
583,cohere,108687,False,0.000000,0.000000,0.000000,0.000000,0.000,0.000,-1000000000.000000,followers_below_threshold
584,giffmana,121857,False,0.000000,0.000000,0.000000,0.000000,0.000,0.000,-1000000000.000000,followers_below_threshold
585,Waymo,132833,False,0.000000,0.000000,0.000000,0.000000,0.000,0.000,-1000000000.000000,followers_below_threshold
586,RaquelUrtasun,12659,False,0.000000,0.000000,0.000000,0.000000,0.000,0.000,-1000000000.000000,followers_below_threshold
587,srush_nlp,75031,False,0.000000,0.000000,0.000000,0.000000,0.000,0.000,-1000000000.000000,followers_below_threshold
588,volokuleshov,10419,False,0.000000,0.000000,0.000000,0.000000,0.000,0.000,-1000000000.000000,followers_below_threshold
589,mrogati,48785,False,0.000000,0.000000,0.000000,0.000000,0.000,0.000,-1000000000.000000,followers_below_threshold
590,sedielem,65618,False,0.000000,0.000000,0.000000,0.000000,0.000,0.000,-1000000000.000000,followers_below_threshold
591,wattenberg,17290,False,0.000000,0.000000,0.000000,0.000000,0.000,0.000,-1000000000.000000,followers_below_threshold
592,MirowskiPiotr,6011,False,0.000000,0.000000,0.000000,0.000000,0.000,0.000,-1000000000.000000,followers_below_threshold
593,jon_barron,32056,False,0.000000,0.000000,0.000000,0.000000,0.000,0.000,-1000000000.000000,followers_below_threshold
594,janexwang,37027,False,0.000000,0.000000,0.000000,0.000000,0.000,0.000,-1000000000.000000,followers_below_threshold
595,cyrildiagne,25226,False,0.000000,0.000000,0.000000,0.000000,0.000,0.000,-1000000000.000000,followers_below_threshold
596,bcherny,183717,False,0.000000,0.000000,0.000000,0.000000,0.000,0.000,-1000000000.000000,followers_below_threshold
597,willccbb,38725,False,0.000000,0.000000,0.000000,0.000000,0.000,0.000,-1000000000.000000,followers_below_threshold
598,rajatmonga,12829,False,0.000000,0.000000,0.000000,0.000000,0.000,0.000,-1000000000.000000,followers_below_threshold
599,TimSalimans,5209,False,0.000000,0.000000,0.000000,0.000000,0.000,0.000,-1000000000.000000,followers_below_threshold
600,stephenroller,5608,False,0.000000,0.000000,0.000000,0.000000,0.000,0.000,-1000000000.000000,followers_below_threshold
601,OpenRouterAI,63165,False,0.000000,0.000000,0.000000,0.000000,0.000,0.000,-1000000000.000000,followers_below_threshold
602,RemiCadene,20650,False,0.000000,0.000000,0.000000,0.000000,0.000,0.000,-1000000000.000000,followers_below_threshold
603,stephzhan,26935,False,0.000000,0.000000,0.000000,0.000000,0.000,0.000,-1000000000.000000,followers_below_threshold
604,AlexGDimakis,22356,False,0.000000,0.000000,0.000000,0.000000,0.000,0.000,-1000000000.000000,followers_below_threshold
605,togethercompute,52529,False,0.000000,0.000000,0.000000,0.000000,0.000,0.000,-1000000000.000000,followers_below_threshold
606,suchenzang,41053,False,0.000000,0.000000,0.000000,0.000000,0.000,0.000,-1000000000.000000,followers_below_threshold
607,bernhardsson,49639,False,0.000000,0.000000,0.000000,0.000000,0.000,0.000,-1000000000.000000,followers_below_threshold
608,suchisaria,14883,False,0.000000,0.000000,0.000000,0.000000,0.000,0.000,-1000000000.000000,followers_below_threshold
609,DavidDuvenaud,32368,False,0.000000,0.000000,0.000000,0.000000,0.000,0.000,-1000000000.000000,followers_below_threshold
610,smolix,21012,False,0.000000,0.000000,0.000000,0.000000,0.000,0.000,-1000000000.000000,followers_below_threshold
611,ykilcher,83473,False,0.000000,0.000000,0.000000,0.000000,0.000,0.000,-1000000000.000000,followers_below_threshold
612,thinkymachines,111863,False,0.000000,0.000000,0.000000,0.000000,0.000,0.000,-1000000000.000000,followers_below_threshold
613,marktenenholtz,143386,False,0.000000,0.000000,0.000000,0.000000,0.000,0.000,-1000000000.000000,followers_below_threshold
614,avdnoord,14517,False,0.000000,0.000000,0.000000,0.000000,0.000,0.000,-1000000000.000000,followers_below_threshold
615,BornsteinMatt,7559,False,0.000000,0.000000,0.000000,0.000000,0.000,0.000,-1000000000.000000,followers_below_threshold
616,PessimistsArc,93683,False,0.000000,0.000000,0.000000,0.000000,0.000,0.000,-1000000000.000000,followers_below_threshold
617,ByJohnnyLee,30845,False,0.000000,0.000000,0.000000,0.000000,0.000,0.000,-1000000000.000000,followers_below_threshold
618,arkitus,9805,False,0.000000,0.000000,0.000000,0.000000,0.000,0.000,-1000000000.000000,followers_below_threshold
619,Tim_Dettmers,43541,False,0.000000,0.000000,0.000000,0.000000,0.000,0.000,-1000000000.000000,followers_below_threshold
620,StanfordHAI,102616,False,0.000000,0.000000,0.000000,0.000000,0.000,0.000,-1000000000.000000,followers_below_threshold
621,SuryaGanguli,19228,False,0.000000,0.000000,0.000000,0.000000,0.000,0.000,-1000000000.000000,followers_below_threshold
622,glouppe,8655,False,0.000000,0.000000,0.000000,0.000000,0.000,0.000,-1000000000.000000,followers_below_threshold
623,jasonyo,6962,False,0.000000,0.000000,0.000000,0.000000,0.000,0.000,-1000000000.000000,followers_below_threshold
624,nsthorat,11774,False,0.000000,0.000000,0.000000,0.000000,0.000,0.000,-1000000000.000000,followers_below_threshold
625,BlancheMinerva,17471,False,0.000000,0.000000,0.000000,0.000000,0.000,0.000,-1000000000.000000,followers_below_threshold
626,ShamKakade6,17122,False,0.000000,0.000000,0.000000,0.000000,0.000,0.000,-1000000000.000000,followers_below_threshold
627,lmthang,28047,False,0.000000,0.000000,0.000000,0.000000,0.000,0.000,-1000000000.000000,followers_below_threshold
628,mmbronstein,55424,False,0.000000,0.000000,0.000000,0.000000,0.000,0.000,-1000000000.000000,followers_below_threshold
629,nealstephenson,89883,False,0.000000,0.000000,0.000000,0.000000,0.000,0.000,-1000000000.000000,followers_below_threshold
630,Joshuabrowder,107223,False,0.000000,0.000000,0.000000,0.000000,0.000,0.000,-1000000000.000000,followers_below_threshold
631,suzatweet,21142,False,0.000000,0.000000,0.000000,0.000000,0.000,0.000,-1000000000.000000,followers_below_threshold
632,dmonett,7848,False,0.000000,0.000000,0.000000,0.000000,0.000,0.000,-1000000000.000000,followers_below_threshold
633,GregKamradt,46258,False,0.000000,0.000000,0.000000,0.000000,0.000,0.000,-1000000000.000000,followers_below_threshold
634,mattturck,131429,False,0.000000,0.000000,0.000000,0.000000,0.000,0.000,-1000000000.000000,followers_below_threshold
635,docmilanfar,103751,False,0.000000,0.000000,0.000000,0.000000,0.000,0.000,-1000000000.000000,followers_below_threshold
636,togelius,22520,False,0.000000,0.000000,0.000000,0.000000,0.000,0.000,-1000000000.000000,followers_below_threshold
637,olivercameron,48368,False,0.000000,0.000000,0.000000,0.000000,0.000,0.000,-1000000000.000000,followers_below_threshold
638,black_in_ai,42805,False,0.000000,0.000000,0.000000,0.000000,0.000,0.000,-1000000000.000000,followers_below_threshold
639,neurobongo,11846,False,0.000000,0.000000,0.000000,0.000000,0.000,0.000,-1000000000.000000,followers_below_threshold
640,jm_alexia,23491,False,0.000000,0.000000,0.000000,0.000000,0.000,0.000,-1000000000.000000,followers_below_threshold
641,xamat,23225,False,0.000000,0.000000,0.000000,0.000000,0.000,0.000,-1000000000.000000,followers_below_threshold
642,LakeBrenden,8557,False,0.000000,0.000000,0.000000,0.000000,0.000,0.000,-1000000000.000000,followers_below_threshold
643,deliprao,64719,False,0.000000,0.000000,0.000000,0.000000,0.000,0.000,-1000000000.000000,followers_below_threshold
644,iclr_conf,55883,False,0.000000,0.000000,0.000000,0.000000,0.000,0.000,-1000000000.000000,followers_below_threshold
645,icmlconf,79561,False,0.000000,0.000000,0.000000,0.000000,0.000,0.000,-1000000000.000000,followers_below_threshold
646,Moustapha_6C,8833,False,0.000000,0.000000,0.000000,0.000000,0.000,0.000,-1000000000.000000,followers_below_threshold
647,hmason,120008,False,0.000000,0.000000,0.000000,0.000000,0.000,0.000,-1000000000.000000,followers_below_threshold
648,beenwrekt,33070,False,0.000000,0.000000,0.000000,0.000000,0.000,0.000,-1000000000.000000,followers_below_threshold
649,AnjneyMidha,34424,False,0.000000,0.000000,0.000000,0.000000,0.000,0.000,-1000000000.000000,followers_below_threshold
650,nlpnoah,17214,False,0.000000,0.000000,0.000000,0.000000,0.000,0.000,-1000000000.000000,followers_below_threshold
651,Mila_Quebec,35095,False,0.000000,0.000000,0.000000,0.000000,0.000,0.000,-1000000000.000000,followers_below_threshold
652,georgiagkioxari,11892,False,0.000000,0.000000,0.000000,0.000000,0.000,0.000,-1000000000.000000,followers_below_threshold
653,allen_ai,78159,False,0.000000,0.000000,0.000000,0.000000,0.000,0.000,-1000000000.000000,followers_below_threshold
654,gradientpub,21017,False,0.000000,0.000000,0.000000,0.000000,0.000,0.000,-1000000000.000000,followers_below_threshold
655,ArtificialAnlys,73168,False,0.000000,0.000000,0.000000,0.000000,0.000,0.000,-1000000000.000000,followers_below_threshold
656,yaroslavvb,8219,False,0.000000,0.000000,0.000000,0.000000,0.000,0.000,-1000000000.000000,followers_below_threshold
657,hannawallach,20625,False,0.000000,0.000000,0.000000,0.000000,0.000,0.000,-1000000000.000000,followers_below_threshold
658,denisyarats,10222,False,0.000000,0.000000,0.000000,0.000000,0.000,0.000,-1000000000.000000,followers_below_threshold
659,ljin18,179607,False,0.000000,0.000000,0.000000,0.000000,0.000,0.000,-1000000000.000000,followers_below_threshold
660,Azaliamirh,17231,False,0.000000,0.000000,0.000000,0.000000,0.000,0.000,-1000000000.000000,followers_below_threshold
661,JonathanRoss321,43341,False,0.000000,0.000000,0.000000,0.000000,0.000,0.000,-1000000000.000000,followers_below_threshold
662,peteratmsr,17419,False,0.000000,0.000000,0.000000,0.000000,0.000,0.000,-1000000000.000000,followers_below_threshold
663,divgarg,21809,False,0.000000,0.000000,0.000000,0.000000,0.000,0.000,-1000000000.000000,followers_below_threshold
664,chrispiech,6367,False,0.000000,0.000000,0.000000,0.000000,0.000,0.000,-1000000000.000000,followers_below_threshold
665,trq212,57728,False,0.000000,0.000000,0.000000,0.000000,0.000,0.000,-1000000000.000000,followers_below_threshold
666,bentossell,179598,False,0.000000,0.000000,0.000000,0.000000,0.000,0.000,-1000000000.000000,followers_below_threshold
667,altcap,192103,False,0.000000,0.000000,0.000000,0.000000,0.000,0.000,-1000000000.000000,followers_below_threshold
668,twimlai,14232,False,0.000000,0.000000,0.000000,0.000000,0.000,0.000,-1000000000.000000,followers_below_threshold
669,amanrsanger,47341,False,0.000000,0.000000,0.000000,0.000000,0.000,0.000,-1000000000.000000,followers_below_threshold
670,m_franceschetti,58633,False,0.000000,0.000000,0.000000,0.000000,0.000,0.000,-1000000000.000000,followers_below_threshold
671,TheGregYang,95051,False,0.000000,0.000000,0.000000,0.000000,0.000,0.000,-1000000000.000000,followers_below_threshold
672,rakyll,164339,False,0.000000,0.000000,0.000000,0.000000,0.000,0.000,-1000000000.000000,followers_below_threshold
673,evacide,169616,False,0.000000,0.000000,0.000000,0.000000,0.000,0.000,-1000000000.000000,followers_below_threshold
674,viegasf,17183,False,0.000000,0.000000,0.000000,0.000000,0.000,0.000,-1000000000.000000,followers_below_threshold
675,DaphneKoller,26456,False,0.000000,0.000000,0.000000,0.000000,0.000,0.000,-1000000000.000000,followers_below_threshold
676,SashaMTL,22613,False,0.000000,0.000000,0.000000,0.000000,0.000,0.000,-1000000000.000000,followers_below_threshold
677,savvyRL,49099,False,0.000000,0.000000,0.000000,0.000000,0.000,0.000,-1000000000.000000,followers_below_threshold
678,math_rachel,92573,False,0.000000,0.000000,0.000000,0.000000,0.000,0.000,-1000000000.000000,followers_below_threshold
679,ledell,10289,False,0.000000,0.000000,0.000000,0.000000,0.000,0.000,-1000000000.000000,followers_below_threshold
680,AviSchiffmann,92969,False,0.000000,0.000000,0.000000,0.000000,0.000,0.000,-1000000000.000000,followers_below_threshold
681,skupor,62749,False,0.000000,0.000000,0.000000,0.000000,0.000,0.000,-1000000000.000000,followers_below_threshold
682,wellingmax,39717,False,0.000000,0.000000,0.000000,0.000000,0.000,0.000,-1000000000.000000,followers_below_threshold
683,marktabnet,28212,False,0.000000,0.000000,0.000000,0.000000,0.000,0.000,-1000000000.000000,followers_below_threshold
684,etzioni,1344,False,0.000000,0.000000,0.000000,0.000000,0.000,0.000,-1000000000.000000,followers_below_threshold
685,alexjc,25887,False,0.000000,0.000000,0.000000,0.000000,0.000,0.000,-1000000000.000000,followers_below_threshold
686,genekogan,26146,False,0.000000,0.000000,0.000000,0.000000,0.000,0.000,-1000000000.000000,followers_below_threshold
687,mjrobbins,21831,False,0.000000,0.000000,0.000000,0.000000,0.000,0.000,-1000000000.000000,followers_below_threshold
688,localghost,31389,False,0.000000,0.000000,0.000000,0.000000,0.000,0.000,-1000000000.000000,followers_below_threshold
689,bobgourley,7414,False,0.000000,0.000000,0.000000,0.000000,0.000,0.000,-1000000000.000000,followers_below_threshold
690,andyjankowski,19180,False,0.000000,0.000000,0.000000,0.000000,0.000,0.000,-1000000000.000000,followers_below_threshold
691,paulroetzer,21257,False,0.000000,0.000000,0.000000,0.000000,0.000,0.000,-1000000000.000000,followers_below_threshold
692,SourabhSKatoch,18055,False,0.000000,0.000000,0.000000,0.000000,0.000,0.000,-1000000000.000000,followers_below_threshold
693,bobviolino,16379,False,0.000000,0.000000,0.000000,0.000000,0.000,0.000,-1000000000.000000,followers_below_threshold
694,terence_mills,17335,False,0.000000,0.000000,0.000000,0.000000,0.000,0.000,-1000000000.000000,followers_below_threshold
695,johnchavens,15607,False,0.000000,0.000000,0.000000,0.000000,0.000,0.000,-1000000000.000000,followers_below_threshold
696,debashis_dutta,13369,False,0.000000,0.000000,0.000000,0.000000,0.000,0.000,-1000000000.000000,followers_below_threshold
697,davidwkenny,12726,False,0.000000,0.000000,0.000000,0.000000,0.000,0.000,-1000000000.000000,followers_below_threshold
698,learnopencv,13671,False,0.000000,0.000000,0.000000,0.000000,0.000,0.000,-1000000000.000000,followers_below_threshold
699,petitegeek,13748,False,0.000000,0.000000,0.000000,0.000000,0.000,0.000,-1000000000.000000,followers_below_threshold
700,faustospain,13329,False,0.000000,0.000000,0.000000,0.000000,0.000,0.000,-1000000000.000000,followers_below_threshold
701,wil_bielert,0,False,0.000000,0.000000,0.000000,0.000000,0.000,0.000,-1000000000.000000,followers_below_threshold
702,sarahburnett,1,False,0.000000,0.000000,0.000000,0.000000,0.000,0.000,-1000000000.000000,followers_below_threshold
703,marek_rosa,12097,False,0.000000,0.000000,0.000000,0.000000,0.000,0.000,-1000000000.000000,followers_below_threshold
704,sudalairajkumar,8572,False,0.000000,0.000000,0.000000,0.000000,0.000,0.000,-1000000000.000000,followers_below_threshold
705,hsryueli,7607,False,0.000000,0.000000,0.000000,0.000000,0.000,0.000,-1000000000.000000,followers_below_threshold
706,Whats_AI,9376,False,0.000000,0.000000,0.000000,0.000000,0.000,0.000,-1000000000.000000,followers_below_threshold
707,inma_martinez,5824,False,0.000000,0.000000,0.000000,0.000000,0.000,0.000,-1000000000.000000,followers_below_threshold
708,pandeyajay7,3791,False,0.000000,0.000000,0.000000,0.000000,0.000,0.000,-1000000000.000000,followers_below_threshold
709,kath0134,2628,False,0.000000,0.000000,0.000000,0.000000,0.000,0.000,-1000000000.000000,followers_below_threshold
710,ibarkin,2554,False,0.000000,0.000000,0.000000,0.000000,0.000,0.000,-1000000000.000000,followers_below_threshold
711,rschmelzer,2479,False,0.000000,0.000000,0.000000,0.000000,0.000,0.000,-1000000000.000000,followers_below_threshold
712,jainkunal,1671,False,0.000000,0.000000,0.000000,0.000000,0.000,0.000,-1000000000.000000,followers_below_threshold
713,mvollmer1,93542,False,0.000000,0.000000,0.000000,0.000000,0.000,0.000,-1000000000.000000,followers_below_threshold
714,v_vashishta,28447,False,0.000000,0.000000,0.000000,0.000000,0.000,0.000,-1000000000.000000,followers_below_threshold
715,mattshumer_,103569,False,0.000000,0.000000,0.000000,0.000000,0.000,0.000,-1000000000.000000,followers_below_threshold
716,DeepLearn007,136579,False,0.000000,0.000000,0.000000,0.000000,0.000,0.000,-1000000000.000000,followers_below_threshold
717,MetaAI,7079,False,0.000000,0.000000,0.000000,0.000000,0.000,0.000,-1000000000.000000,followers_below_threshold
718,GroqInc,88637,False,0.000000,0.000000,0.000000,0.000000,0.000,0.000,-1000000000.000000,followers_below_threshold
719,dario_amodei,0,False,0.000000,0.000000,0.000000,0.000000,0.000,0.000,-1000000000.000000,followers_below_threshold
