rank,username,followers,eligible,sim_raw,eng_raw,sim_norm,eng_norm,spam_ratio,rt_ratio,core_hit_ratio,score,error
1,BarackObama,118846463,True,0.000000,0.000000,0.000000,0.000000,0.000,0.000,0.000,-1000000000.000000,low_political_relevance
2,realDonaldTrump,109421352,True,0.000000,0.000000,0.000000,0.000000,0.000,0.000,0.000,-1000000000.000000,low_political_relevance
3,BernieSanders,14698020,True,0.000000,0.000000,0.000000,0.000000,0.000,0.000,0.000,-1000000000.000000,low_political_relevance
4,AOC,12696999,True,0.000000,0.000000,0.000000,0.000000,0.000,0.000,0.000,-1000000000.000000,low_political_relevance
5,JoeBiden,37860669,True,0.000000,0.000000,0.000000,0.000000,0.000,0.000,0.000,-1000000000.000000,low_political_relevance
6,RonDeSantis,2932835,True,0.000000,0.000000,0.000000,0.000000,0.000,0.000,0.000,-1000000000.000000,low_political_relevance
7,NikkiHaley,1094481,True,0.000000,0.000000,0.000000,0.000000,0.000,0.000,0.000,-1000000000.000000,low_political_relevance
8,MittRomney,1841439,True,0.000000,0.000000,0.000000,0.000000,0.000,0.000,0.000,-1000000000.000000,low_political_relevance
9,Keir_Starmer,2048157,True,0.000000,0.000000,0.000000,0.000000,0.000,0.000,0.000,-1000000000.000000,low_political_relevance
10,RishiSunak,2329117,True,0.000000,0.000000,0.000000,0.000000,0.000,0.000,0.000,-1000000000.000000,low_political_relevance
11,Nigel_Farage,2281718,True,0.000000,0.000000,0.000000,0.000000,0.000,0.000,0.000,-1000000000.000000,low_political_relevance
12,RoryStewartUK,592766,True,0.000000,0.000000,0.000000,0.000000,0.000,0.000,0.000,-1000000000.000000,low_political_relevance
13,owenjones84,249,False,0.000000,0.000000,0.000000,0.000000,0.000,0.000,0.000,-1000000000.000000,followers_below_threshold
14,EmmanuelMacron,10277322,True,0.000000,0.000000,0.000000,0.000000,0.000,0.000,0.000,-1000000000.000000,low_political_relevance
15,vonderleyen,1676948,True,0.000000,0.000000,0.000000,0.000000,0.000,0.000,0.000,-1000000000.000000,low_political_relevance
16,GiorgiaMeloni,3069951,True,0.000000,0.000000,0.000000,0.000000,0.000,0.000,0.000,-1000000000.000000,low_political_relevance
17,yanisvaroufakis,1169354,True,0.000000,0.000000,0.000000,0.000000,0.000,0.000,0.000,-1000000000.000000,low_political_relevance
18,anneapplebaum,568327,True,0.000000,0.000000,0.000000,0.000000,0.000,0.000,0.000,-1000000000.000000,low_political_relevance
19,ianbremmer,866796,True,0.000000,0.000000,0.000000,0.000000,0.000,0.000,0.000,-1000000000.000000,low_political_relevance
20,FareedZakaria,1089219,True,0.000000,0.000000,0.000000,0.000000,0.000,0.000,0.000,-1000000000.000000,low_political_relevance
21,FukuyamaFrancis,269519,True,0.000000,0.000000,0.000000,0.000000,0.000,0.000,0.000,-1000000000.000000,low_political_relevance
22,harari_yuval,641070,True,0.000000,0.000000,0.000000,0.000000,0.000,0.000,0.000,-1000000000.000000,low_political_relevance
23,tomfriedman,871228,True,0.000000,0.000000,0.000000,0.000000,0.000,0.000,0.000,-1000000000.000000,low_political_relevance
24,RichardHaass,227184,True,0.000000,0.000000,0.000000,0.000000,0.000,0.000,0.000,-1000000000.000000,low_political_relevance
25,narendramodi,106087335,True,0.000000,0.000000,0.000000,0.000000,0.000,0.000,0.000,-1000000000.000000,low_political_relevance
26,RahulGandhi,28216216,True,0.000000,0.000000,0.000000,0.000000,0.000,0.000,0.000,-1000000000.000000,low_political_relevance
27,ArundhatiRoy,1800,False,0.000000,0.000000,0.000000,0.000000,0.000,0.000,0.000,-1000000000.000000,followers_below_threshold
28,netanyahu,3553586,True,0.000000,0.000000,0.000000,0.000000,0.000,0.000,0.000,-1000000000.000000,low_political_relevance
29,RTErdogan,19359785,True,0.000000,0.000000,0.000000,0.000000,0.000,0.000,0.000,-1000000000.000000,low_political_relevance
30,JMilei,4003602,True,0.000000,0.000000,0.000000,0.000000,0.000,0.000,0.000,-1000000000.000000,low_political_relevance
31,LulaOficial,9945166,True,0.000000,0.000000,0.000000,0.000000,0.000,0.000,0.000,-1000000000.000000,low_political_relevance
32,ggreenwald,2330150,True,0.000000,0.000000,0.000000,0.000000,0.000,0.000,0.000,-1000000000.000000,low_political_relevance
33,benshapiro,8114713,True,0.000000,0.000000,0.000000,0.000000,0.000,0.000,0.000,-1000000000.000000,low_political_relevance
34,TuckerCarlson,17002503,True,0.000000,0.000000,0.000000,0.000000,0.000,0.000,0.000,-1000000000.000000,low_political_relevance
35,maddow,9379788,True,0.000000,0.000000,0.000000,0.000000,0.000,0.000,0.000,-1000000000.000000,low_political_relevance
36,ezraklein,2329798,True,0.000000,0.000000,0.000000,0.000000,0.000,0.000,0.000,-1000000000.000000,low_political_relevance
37,mattyglesias,562866,True,0.000000,0.000000,0.000000,0.000000,0.000,0.000,0.000,-1000000000.000000,low_political_relevance
38,piersmorgan,8741443,True,0.000000,0.000000,0.000000,0.000000,0.000,0.000,0.000,-1000000000.000000,low_political_relevance
39,hasanthehun,1659530,True,0.000000,0.000000,0.000000,0.000000,0.000,0.000,0.000,-1000000000.000000,low_political_relevance
40,TheOmniLiberal,303891,True,0.000000,0.000000,0.000000,0.000000,0.000,0.000,0.000,-1000000000.000000,low_political_relevance
41,VaushV,233232,True,0.000000,0.000000,0.000000,0.000000,0.000,0.000,0.000,-1000000000.000000,low_political_relevance
42,rustyrockets,10308655,True,0.000000,0.000000,0.000000,0.000000,0.000,0.000,0.000,-1000000000.000000,low_political_relevance
43,zackbeauchamp,44309,False,0.000000,0.000000,0.000000,0.000000,0.000,0.000,0.000,-1000000000.000000,followers_below_threshold
44,PeterZeihan,292319,True,0.000000,0.000000,0.000000,0.000000,0.000,0.000,0.000,-1000000000.000000,low_political_relevance
45,Max_Fisher,124754,False,0.000000,0.000000,0.000000,0.000000,0.000,0.000,0.000,-1000000000.000000,followers_below_threshold
46,slaughter_am,0,False,0.000000,0.000000,0.000000,0.000000,0.000,0.000,0.000,-1000000000.000000,followers_below_threshold
47,TheEconomist,25794087,True,0.000000,0.000000,0.000000,0.000000,0.000,0.000,0.000,-1000000000.000000,low_political_relevance
48,ForeignAffairs,926426,True,0.000000,0.000000,0.000000,0.000000,0.000,0.000,0.000,-1000000000.000000,low_political_relevance
49,CFR_org,560292,True,0.000000,0.000000,0.000000,0.000000,0.000,0.000,0.000,-1000000000.000000,low_political_relevance
50,BrookingsInst,444547,True,0.000000,0.000000,0.000000,0.000000,0.000,0.000,0.000,-1000000000.000000,low_political_relevance
51,elonmusk,232951897,True,0.000000,0.000000,0.000000,0.000000,0.000,0.000,0.000,-1000000000.000000,low_political_relevance
52,washingtonpost,19304089,True,0.000000,0.000000,0.000000,0.000000,0.000,0.000,0.000,-1000000000.000000,low_political_relevance
53,POTUS46Archive,36065657,True,0.000000,0.000000,0.000000,0.000000,0.000,0.000,0.000,-1000000000.000000,low_political_relevance
54,KamalaHarris,20815073,True,0.000000,0.000000,0.000000,0.000000,0.000,0.000,0.000,-1000000000.000000,low_political_relevance
55,WSJ,20604975,True,0.000000,0.000000,0.000000,0.000000,0.000,0.000,0.000,-1000000000.000000,low_political_relevance
56,politico,4463329,True,0.000000,0.000000,0.000000,0.000000,0.000,0.000,0.000,-1000000000.000000,low_political_relevance
57,nytimes,52726153,True,0.000000,0.000000,0.000000,0.000000,0.000,0.000,0.000,-1000000000.000000,low_political_relevance
58,semaforben,317917,True,0.000000,0.000000,0.000000,0.000000,0.000,0.000,0.000,-1000000000.000000,low_political_relevance
59,Nate_Cohn,444319,True,0.000000,0.000000,0.000000,0.000000,0.000,0.000,0.000,-1000000000.000000,low_political_relevance
60,NickKristof,1786346,True,0.000000,0.000000,0.000000,0.000000,0.000,0.000,0.000,-1000000000.000000,low_political_relevance
61,NateSilver538,3017009,True,0.000000,0.000000,0.000000,0.000000,0.000,0.000,0.000,-1000000000.000000,low_political_relevance
62,jaketapper,2857875,True,0.000000,0.000000,0.000000,0.000000,0.000,0.000,0.000,-1000000000.000000,low_political_relevance
63,paulkrugman,4151415,True,0.000000,0.000000,0.000000,0.000000,0.000,0.000,0.000,-1000000000.000000,low_political_relevance
64,ZelenskyyUa,8218273,True,0.000000,0.000000,0.000000,0.000000,0.000,0.000,0.000,-1000000000.000000,low_political_relevance
65,maggieNYT,1488149,True,0.000000,0.000000,0.000000,0.000000,0.000,0.000,0.000,-1000000000.000000,low_political_relevance
66,jonathanvswan,749633,True,0.000000,0.000000,0.000000,0.000000,0.000,0.000,0.000,-1000000000.000000,low_political_relevance
67,mehdirhasan,1909589,True,0.000000,0.000000,0.000000,0.000000,0.000,0.000,0.000,-1000000000.000000,low_political_relevance
68,cnnbrk,59228826,True,0.000000,0.000000,0.000000,0.000000,0.000,0.000,0.000,-1000000000.000000,low_political_relevance
69,TheAtlantic,1857489,True,0.000000,0.000000,0.000000,0.000000,0.000,0.000,0.000,-1000000000.000000,low_political_relevance
70,FT,6372946,True,0.000000,0.000000,0.000000,0.000000,0.000,0.000,0.000,-1000000000.000000,low_political_relevance
71,shashj,225200,True,0.000000,0.000000,0.000000,0.000000,0.000,0.000,0.000,-1000000000.000000,low_political_relevance
72,AP,15359621,True,0.000000,0.000000,0.000000,0.000000,0.000,0.000,0.000,-1000000000.000000,low_political_relevance
73,Reuters,24855498,True,0.000000,0.000000,0.000000,0.000000,0.000,0.000,0.000,-1000000000.000000,low_political_relevance
74,chrislhayes,2142910,True,0.000000,0.000000,0.000000,0.000000,0.000,0.000,0.000,-1000000000.000000,low_political_relevance
75,BBCBreaking,49567827,True,0.000000,0.000000,0.000000,0.000000,0.000,0.000,0.000,-1000000000.000000,low_political_relevance
76,davidaxelrod,1359718,True,0.000000,0.000000,0.000000,0.000000,0.000,0.000,0.000,-1000000000.000000,low_political_relevance
77,adam_tooze,225007,True,0.000000,0.000000,0.000000,0.000000,0.000,0.000,0.000,-1000000000.000000,low_political_relevance
78,davidfrum,945182,True,0.000000,0.000000,0.000000,0.000000,0.000,0.000,0.000,-1000000000.000000,low_political_relevance
79,daveweigel,524175,True,0.000000,0.000000,0.000000,0.000000,0.000,0.000,0.000,-1000000000.000000,low_political_relevance
80,jonlovett,718239,True,0.000000,0.000000,0.000000,0.000000,0.000,0.000,0.000,-1000000000.000000,low_political_relevance
81,ScarboroughNow,2512512,True,0.000000,0.000000,0.000000,0.000000,0.000,0.000,0.000,-1000000000.000000,low_political_relevance
82,costareports,675496,True,0.000000,0.000000,0.000000,0.000000,0.000,0.000,0.000,-1000000000.000000,low_political_relevance
83,RBReich,1478164,True,0.000000,0.000000,0.000000,0.000000,0.000,0.000,0.000,-1000000000.000000,low_political_relevance
84,ForeignPolicy,1242159,True,0.000000,0.000000,0.000000,0.000000,0.000,0.000,0.000,-1000000000.000000,low_political_relevance
85,BBCWorld,41348942,True,0.000000,0.000000,0.000000,0.000000,0.000,0.000,0.000,-1000000000.000000,low_political_relevance
86,andrewrsorkin,983263,True,0.000000,0.000000,0.000000,0.000000,0.000,0.000,0.000,-1000000000.000000,low_political_relevance
87,JonHaidt,455132,True,0.000000,0.000000,0.000000,0.000000,0.000,0.000,0.000,-1000000000.000000,low_political_relevance
88,guardian,10287214,True,0.000000,0.000000,0.000000,0.000000,0.000,0.000,0.000,-1000000000.000000,low_political_relevance
89,UN,16075386,True,0.000000,0.000000,0.000000,0.000000,0.000,0.000,0.000,-1000000000.000000,low_political_relevance
90,nfergus,385690,True,0.000000,0.000000,0.000000,0.000000,0.000,0.000,0.000,-1000000000.000000,low_political_relevance
91,FiveThirtyEight,1108937,True,0.000000,0.000000,0.000000,0.000000,0.000,0.000,0.000,-1000000000.000000,low_political_relevance
92,SlaughterAM,138786,False,0.000000,0.000000,0.000000,0.000000,0.000,0.000,0.000,-1000000000.000000,followers_below_threshold
93,blakehounshell,149206,False,0.000000,0.000000,0.000000,0.000000,0.000,0.000,0.000,-1000000000.000000,followers_below_threshold
94,TheStudyofWar,830189,True,0.000000,0.000000,0.000000,0.000000,0.000,0.000,0.000,-1000000000.000000,low_political_relevance
95,RonanFarrow,929575,True,0.000000,0.000000,0.000000,0.000000,0.000,0.000,0.000,-1000000000.000000,low_political_relevance
96,dandrezner,130521,False,0.000000,0.000000,0.000000,0.000000,0.000,0.000,0.000,-1000000000.000000,followers_below_threshold
97,ChrisMurphyCT,1083062,True,0.000000,0.000000,0.000000,0.000000,0.000,0.000,0.000,-1000000000.000000,low_political_relevance
98,PeterBeinart,134477,False,0.000000,0.000000,0.000000,0.000000,0.000,0.000,0.000,-1000000000.000000,followers_below_threshold
99,jonfavs,1292134,True,0.000000,0.000000,0.000000,0.000000,0.000,0.000,0.000,-1000000000.000000,low_political_relevance
100,GregTSargent,300721,True,0.000000,0.000000,0.000000,0.000000,0.000,0.000,0.000,-1000000000.000000,low_political_relevance
101,mikeallen,366542,True,0.000000,0.000000,0.000000,0.000000,0.000,0.000,0.000,-1000000000.000000,low_political_relevance
102,JaredCohen,235874,True,0.000000,0.000000,0.000000,0.000000,0.000,0.000,0.000,-1000000000.000000,low_political_relevance
103,billmaher,10126189,True,0.000000,0.000000,0.000000,0.000000,0.000,0.000,0.000,-1000000000.000000,low_political_relevance
104,BillGates,62378940,True,0.000000,0.000000,0.000000,0.000000,0.000,0.000,0.000,-1000000000.000000,low_political_relevance
105,karaswisher,1437730,True,0.000000,0.000000,0.000000,0.000000,0.000,0.000,0.000,-1000000000.000000,low_political_relevance
106,NewYorker,7910032,True,0.000000,0.000000,0.000000,0.000000,0.000,0.000,0.000,-1000000000.000000,low_political_relevance
107,nytimesworld,2426877,True,0.000000,0.000000,0.000000,0.000000,0.000,0.000,0.000,-1000000000.000000,low_political_relevance
108,brianstelter,741193,True,0.000000,0.000000,0.000000,0.000000,0.000,0.000,0.000,-1000000000.000000,low_political_relevance
109,bariweiss,1124218,True,0.000000,0.000000,0.000000,0.000000,0.000,0.000,0.000,-1000000000.000000,low_political_relevance
110,TheOnion,10624748,True,0.000000,0.000000,0.000000,0.000000,0.000,0.000,0.000,-1000000000.000000,low_political_relevance
111,neiltyson,13648543,True,0.000000,0.000000,0.000000,0.000000,0.000,0.000,0.000,-1000000000.000000,low_political_relevance
112,Atul_Gawande,350869,True,0.000000,0.000000,0.000000,0.000000,0.000,0.000,0.000,-1000000000.000000,low_political_relevance
113,LHSummers,373339,True,0.000000,0.000000,0.000000,0.000000,0.000,0.000,0.000,-1000000000.000000,low_political_relevance
114,HillaryClinton,29201522,True,0.000000,0.000000,0.000000,0.000000,0.000,0.000,0.000,-1000000000.000000,low_political_relevance
115,tylercowen,260911,True,0.000000,0.000000,0.000000,0.000000,0.000,0.000,0.000,-1000000000.000000,low_political_relevance
116,AnnieLowrey,93208,False,0.000000,0.000000,0.000000,0.000000,0.000,0.000,0.000,-1000000000.000000,followers_below_threshold
117,DKThomp,248022,True,0.000000,0.000000,0.000000,0.000000,0.000,0.000,0.000,-1000000000.000000,low_political_relevance
118,joshrogin,258957,True,0.000000,0.000000,0.000000,0.000000,0.000,0.000,0.000,-1000000000.000000,low_political_relevance
119,TaylorLorenz,352561,True,0.000000,0.000000,0.000000,0.000000,0.000,0.000,0.000,-1000000000.000000,low_political_relevance
120,KofmanMichael,433948,True,0.000000,0.000000,0.000000,0.000000,0.000,0.000,0.000,-1000000000.000000,low_political_relevance
121,TVietor08,535013,True,0.000000,0.000000,0.000000,0.000000,0.000,0.000,0.000,-1000000000.000000,low_political_relevance
122,MaxCRoser,274427,True,0.000000,0.000000,0.000000,0.000000,0.000,0.000,0.000,-1000000000.000000,low_political_relevance
123,rodrikdani,187946,False,0.000000,0.000000,0.000000,0.000000,0.000,0.000,0.000,-1000000000.000000,followers_below_threshold
124,sapinker,857660,True,0.000000,0.000000,0.000000,0.000000,0.000,0.000,0.000,-1000000000.000000,low_political_relevance
125,JakeSherman,455826,True,0.000000,0.000000,0.000000,0.000000,0.000,0.000,0.000,-1000000000.000000,low_political_relevance
126,mtaibbi,2066762,True,0.000000,0.000000,0.000000,0.000000,0.000,0.000,0.000,-1000000000.000000,low_political_relevance
127,peterbakernyt,578961,True,0.000000,0.000000,0.000000,0.000000,0.000,0.000,0.000,-1000000000.000000,low_political_relevance
128,marcambinder,38554,False,0.000000,0.000000,0.000000,0.000000,0.000,0.000,0.000,-1000000000.000000,followers_below_threshold
129,wef,4331263,True,0.000000,0.000000,0.000000,0.000000,0.000,0.000,0.000,-1000000000.000000,low_political_relevance
130,WorldBank,3746386,True,0.000000,0.000000,0.000000,0.000000,0.000,0.000,0.000,-1000000000.000000,low_political_relevance
131,MaxBoot,297767,True,0.000000,0.000000,0.000000,0.000000,0.000,0.000,0.000,-1000000000.000000,low_political_relevance
132,NPR,7784604,True,0.000000,0.000000,0.000000,0.000000,0.000,0.000,0.000,-1000000000.000000,low_political_relevance
133,voxdotcom,930478,True,0.000000,0.000000,0.000000,0.000000,0.000,0.000,0.000,-1000000000.000000,low_political_relevance
134,amanpour,3004059,True,0.000000,0.000000,0.000000,0.000000,0.000,0.000,0.000,-1000000000.000000,low_political_relevance
135,VP46Archive,14461392,True,0.000000,0.000000,0.000000,0.000000,0.000,0.000,0.000,-1000000000.000000,low_political_relevance
136,sbg1,222209,True,0.000000,0.000000,0.000000,0.000000,0.000,0.000,0.000,-1000000000.000000,low_political_relevance
137,ForecasterEnten,213409,True,0.000000,0.000000,0.000000,0.000000,0.000,0.000,0.000,-1000000000.000000,low_political_relevance
138,trussliz,730781,True,0.000000,0.000000,0.000000,0.000000,0.000,0.000,0.000,-1000000000.000000,low_political_relevance
139,Gladwell,653388,True,0.000000,0.000000,0.000000,0.000000,0.000,0.000,0.000,-1000000000.000000,low_political_relevance
140,shadihamid,146974,False,0.000000,0.000000,0.000000,0.000000,0.000,0.000,0.000,-1000000000.000000,followers_below_threshold
141,Nouriel,581970,True,0.000000,0.000000,0.000000,0.000000,0.000,0.000,0.000,-1000000000.000000,low_political_relevance
142,dieworkwear,1436445,True,0.000000,0.000000,0.000000,0.000000,0.000,0.000,0.000,-1000000000.000000,low_political_relevance
143,sullydish,264974,True,0.000000,0.000000,0.000000,0.000000,0.000,0.000,0.000,-1000000000.000000,low_political_relevance
144,ksadjadpour,121386,False,0.000000,0.000000,0.000000,0.000000,0.000,0.000,0.000,-1000000000.000000,followers_below_threshold
145,ericschmidt,2035970,True,0.000000,0.000000,0.000000,0.000000,0.000,0.000,0.000,-1000000000.000000,low_political_relevance
146,jack,6331348,True,0.000000,0.000000,0.000000,0.000000,0.000,0.000,0.000,-1000000000.000000,low_political_relevance
147,SCClemons,38131,False,0.000000,0.000000,0.000000,0.000000,0.000,0.000,0.000,-1000000000.000000,followers_below_threshold
148,FinancialTimes,7062562,True,0.000000,0.000000,0.000000,0.000000,0.000,0.000,0.000,-1000000000.000000,low_political_relevance
149,gideonrachman,119130,False,0.000000,0.000000,0.000000,0.000000,0.000,0.000,0.000,-1000000000.000000,followers_below_threshold
150,KenRoth,600863,True,0.000000,0.000000,0.000000,0.000000,0.000,0.000,0.000,-1000000000.000000,low_political_relevance
151,jacobwe,38666,False,0.000000,0.000000,0.000000,0.000000,0.000,0.000,0.000,-1000000000.000000,followers_below_threshold
152,RoKhanna,405883,True,0.000000,0.000000,0.000000,0.000000,0.000,0.000,0.000,-1000000000.000000,low_political_relevance
153,davidshor,80955,False,0.000000,0.000000,0.000000,0.000000,0.000,0.000,0.000,-1000000000.000000,followers_below_threshold
154,NellieBowles,96980,False,0.000000,0.000000,0.000000,0.000000,0.000,0.000,0.000,-1000000000.000000,followers_below_threshold
155,ChristopherJM,388610,True,0.000000,0.000000,0.000000,0.000000,0.000,0.000,0.000,-1000000000.000000,low_political_relevance
156,rcallimachi,299494,True,0.000000,0.000000,0.000000,0.000000,0.000,0.000,0.000,-1000000000.000000,low_political_relevance
157,mattduss,70864,False,0.000000,0.000000,0.000000,0.000000,0.000,0.000,0.000,-1000000000.000000,followers_below_threshold
158,carlbildt,727818,True,0.000000,0.000000,0.000000,0.000000,0.000,0.000,0.000,-1000000000.000000,low_political_relevance
159,POTUS45,30177461,True,0.000000,0.000000,0.000000,0.000000,0.000,0.000,0.000,-1000000000.000000,low_political_relevance
160,Peston,1262224,True,0.000000,0.000000,0.000000,0.000000,0.000,0.000,0.000,-1000000000.000000,low_political_relevance
161,jeremycorbyn,2522158,True,0.000000,0.000000,0.000000,0.000000,0.000,0.000,0.000,-1000000000.000000,low_political_relevance
162,10DowningStreet,5657110,True,0.000000,0.000000,0.000000,0.000000,0.000,0.000,0.000,-1000000000.000000,low_political_relevance
163,elerianm,799895,True,0.000000,0.000000,0.000000,0.000000,0.000,0.000,0.000,-1000000000.000000,low_political_relevance
164,maxseddon,353038,True,0.000000,0.000000,0.000000,0.000000,0.000,0.000,0.000,-1000000000.000000,low_political_relevance
165,DouthatNYT,213635,True,0.000000,0.000000,0.000000,0.000000,0.000,0.000,0.000,-1000000000.000000,low_political_relevance
166,sunraysunray,90114,False,0.000000,0.000000,0.000000,0.000000,0.000,0.000,0.000,-1000000000.000000,followers_below_threshold
167,AJEnglish,9061566,True,0.000000,0.000000,0.000000,0.000000,0.000,0.000,0.000,-1000000000.000000,low_political_relevance
168,ninaturner,618599,True,0.000000,0.000000,0.000000,0.000000,0.000,0.000,0.000,-1000000000.000000,low_political_relevance
169,haaretzcom,563322,True,0.000000,0.000000,0.000000,0.000000,0.000,0.000,0.000,-1000000000.000000,low_political_relevance
170,JDVance,5116174,True,0.000000,0.000000,0.000000,0.000000,0.000,0.000,0.000,-1000000000.000000,low_political_relevance
171,GlennThrush,276974,True,0.000000,0.000000,0.000000,0.000000,0.000,0.000,0.000,-1000000000.000000,low_political_relevance
172,ktumulty,162249,False,0.000000,0.000000,0.000000,0.000000,0.000,0.000,0.000,-1000000000.000000,followers_below_threshold
173,SteveKornacki,628500,True,0.000000,0.000000,0.000000,0.000000,0.000,0.000,0.000,-1000000000.000000,low_political_relevance
174,KFILE,388038,True,0.000000,0.000000,0.000000,0.000000,0.000,0.000,0.000,-1000000000.000000,low_political_relevance
175,Fahrenthold,686154,True,0.000000,0.000000,0.000000,0.000000,0.000,0.000,0.000,-1000000000.000000,low_political_relevance
176,PeteButtigieg,3758786,True,0.000000,0.000000,0.000000,0.000000,0.000,0.000,0.000,-1000000000.000000,low_political_relevance
177,WhiteHouse45,22852568,True,0.000000,0.000000,0.000000,0.000000,0.000,0.000,0.000,-1000000000.000000,low_political_relevance
178,Peggynoonannyc,196969,False,0.000000,0.000000,0.000000,0.000000,0.000,0.000,0.000,-1000000000.000000,followers_below_threshold
179,David_Gergen,147162,False,0.000000,0.000000,0.000000,0.000000,0.000,0.000,0.000,-1000000000.000000,followers_below_threshold
180,wolfblitzer,1671023,True,0.000000,0.000000,0.000000,0.000000,0.000,0.000,0.000,-1000000000.000000,low_political_relevance
181,StateDept,6583306,True,0.000000,0.000000,0.000000,0.000000,0.000,0.000,0.000,-1000000000.000000,low_political_relevance
182,stevenacook,51158,False,0.000000,0.000000,0.000000,0.000000,0.000,0.000,0.000,-1000000000.000000,followers_below_threshold
183,CrisisGroup,233094,True,0.000000,0.000000,0.000000,0.000000,0.000,0.000,0.000,-1000000000.000000,low_political_relevance
184,thehill,4215687,True,0.000000,0.000000,0.000000,0.000000,0.000,0.000,0.000,-1000000000.000000,low_political_relevance
185,ariannahuff,2431542,True,0.000000,0.000000,0.000000,0.000000,0.000,0.000,0.000,-1000000000.000000,low_political_relevance
186,WIRED,9054536,True,0.000000,0.000000,0.000000,0.000000,0.000,0.000,0.000,-1000000000.000000,low_political_relevance
187,TheDailyShow,8617618,True,0.000000,0.000000,0.000000,0.000000,0.000,0.000,0.000,-1000000000.000000,low_political_relevance
188,AdamMGrant,871057,True,0.000000,0.000000,0.000000,0.000000,0.000,0.000,0.000,-1000000000.000000,low_political_relevance
189,TEDTalks,10131905,True,0.000000,0.000000,0.000000,0.000000,0.000,0.000,0.000,-1000000000.000000,low_political_relevance
190,lexfridman,4538057,True,0.000000,0.000000,0.000000,0.000000,0.000,0.000,0.000,-1000000000.000000,low_political_relevance
191,AriMelber,885540,True,0.000000,0.000000,0.000000,0.000000,0.000,0.000,0.000,-1000000000.000000,low_political_relevance
192,Oprah,35138138,True,0.000000,0.000000,0.000000,0.000000,0.000,0.000,0.000,-1000000000.000000,low_political_relevance
193,CNN,61065856,True,0.000000,0.000000,0.000000,0.000000,0.000,0.000,0.000,-1000000000.000000,low_political_relevance
194,SkyNews,8540661,True,0.000000,0.000000,0.000000,0.000000,0.000,0.000,0.000,-1000000000.000000,low_political_relevance
195,nytopinion,753942,True,0.000000,0.000000,0.000000,0.000000,0.000,0.000,0.000,-1000000000.000000,low_political_relevance
196,antonioguterres,2457851,True,0.000000,0.000000,0.000000,0.000000,0.000,0.000,0.000,-1000000000.000000,low_political_relevance
197,Lagarde,809447,True,0.000000,0.000000,0.000000,0.000000,0.000,0.000,0.000,-1000000000.000000,low_political_relevance
198,jmart,317040,True,0.000000,0.000000,0.000000,0.000000,0.000,0.000,0.000,-1000000000.000000,low_political_relevance
199,secupp,407748,True,0.000000,0.000000,0.000000,0.000000,0.000,0.000,0.000,-1000000000.000000,low_political_relevance
200,JeffreyGoldberg,304348,True,0.000000,0.000000,0.000000,0.000000,0.000,0.000,0.000,-1000000000.000000,low_political_relevance
201,EliLake,123505,False,0.000000,0.000000,0.000000,0.000000,0.000,0.000,0.000,-1000000000.000000,followers_below_threshold
202,BretBaier,1697293,True,0.000000,0.000000,0.000000,0.000000,0.000,0.000,0.000,-1000000000.000000,low_political_relevance
203,Pontifex,17760018,True,0.000000,0.000000,0.000000,0.000000,0.000,0.000,0.000,-1000000000.000000,low_political_relevance
204,megynkelly,3693436,True,0.000000,0.000000,0.000000,0.000000,0.000,0.000,0.000,-1000000000.000000,low_political_relevance
205,PhilipRucker,609863,True,0.000000,0.000000,0.000000,0.000000,0.000,0.000,0.000,-1000000000.000000,low_political_relevance
206,TinaBrownLM,88035,False,0.000000,0.000000,0.000000,0.000000,0.000,0.000,0.000,-1000000000.000000,followers_below_threshold
207,mitchellreports,1739886,True,0.000000,0.000000,0.000000,0.000000,0.000,0.000,0.000,-1000000000.000000,low_political_relevance
208,MarkHalperin,387972,True,0.000000,0.000000,0.000000,0.000000,0.000,0.000,0.000,-1000000000.000000,low_political_relevance
209,biannagolodryga,216655,True,0.000000,0.000000,0.000000,0.000000,0.000,0.000,0.000,-1000000000.000000,low_political_relevance
210,WHCOS46Archive,532846,True,0.000000,0.000000,0.000000,0.000000,0.000,0.000,0.000,-1000000000.000000,low_political_relevance
211,MikeBloomberg,2382438,True,0.000000,0.000000,0.000000,0.000000,0.000,0.000,0.000,-1000000000.000000,low_political_relevance
212,andersoncooper,8480312,True,0.000000,0.000000,0.000000,0.000000,0.000,0.000,0.000,-1000000000.000000,low_political_relevance
213,danpfeiffer,615620,True,0.000000,0.000000,0.000000,0.000000,0.000,0.000,0.000,-1000000000.000000,low_political_relevance
214,yarotrof,156574,False,0.000000,0.000000,0.000000,0.000000,0.000,0.000,0.000,-1000000000.000000,followers_below_threshold
215,vali_nasr,98876,False,0.000000,0.000000,0.000000,0.000000,0.000,0.000,0.000,-1000000000.000000,followers_below_threshold
216,Slate,1397797,True,0.000000,0.000000,0.000000,0.000000,0.000,0.000,0.000,-1000000000.000000,low_political_relevance
217,JuddLegum,508884,True,0.000000,0.000000,0.000000,0.000000,0.000,0.000,0.000,-1000000000.000000,low_political_relevance
218,AnnCoulter,2118155,True,0.000000,0.000000,0.000000,0.000000,0.000,0.000,0.000,-1000000000.000000,low_political_relevance
219,Noahpinion,386451,True,0.000000,0.000000,0.000000,0.000000,0.000,0.000,0.000,-1000000000.000000,low_political_relevance
220,DAcemogluMIT,348040,True,0.000000,0.000000,0.000000,0.000000,0.000,0.000,0.000,-1000000000.000000,low_political_relevance
221,nytdavidbrooks,243841,True,0.000000,0.000000,0.000000,0.000000,0.000,0.000,0.000,-1000000000.000000,low_political_relevance
222,jburnmurdoch,477879,True,0.000000,0.000000,0.000000,0.000000,0.000,0.000,0.000,-1000000000.000000,low_political_relevance
223,EthanZ,56423,False,0.000000,0.000000,0.000000,0.000000,0.000,0.000,0.000,-1000000000.000000,followers_below_threshold
224,guardiannews,3670426,True,0.000000,0.000000,0.000000,0.000000,0.000,0.000,0.000,-1000000000.000000,low_political_relevance
225,TIME,18470809,True,0.000000,0.000000,0.000000,0.000000,0.000,0.000,0.000,-1000000000.000000,low_political_relevance
226,EdwardGLuce,130986,False,0.000000,0.000000,0.000000,0.000000,0.000,0.000,0.000,-1000000000.000000,followers_below_threshold
227,IlvesToomas,188114,False,0.000000,0.000000,0.000000,0.000000,0.000,0.000,0.000,-1000000000.000000,followers_below_threshold
228,MattBruenig,186650,False,0.000000,0.000000,0.000000,0.000000,0.000,0.000,0.000,-1000000000.000000,followers_below_threshold
229,krystalball,611740,True,0.000000,0.000000,0.000000,0.000000,0.000,0.000,0.000,-1000000000.000000,low_political_relevance
230,ryangrim,463478,True,0.000000,0.000000,0.000000,0.000000,0.000,0.000,0.000,-1000000000.000000,low_political_relevance
231,NYCMayor,1752806,True,0.000000,0.000000,0.000000,0.000000,0.000,0.000,0.000,-1000000000.000000,low_political_relevance
232,MattZeitlin,72469,False,0.000000,0.000000,0.000000,0.000000,0.000,0.000,0.000,-1000000000.000000,followers_below_threshold
233,jbouie,389536,True,0.000000,0.000000,0.000000,0.000000,0.000,0.000,0.000,-1000000000.000000,low_political_relevance
234,sarahkliff,125227,False,0.000000,0.000000,0.000000,0.000000,0.000,0.000,0.000,-1000000000.000000,followers_below_threshold
235,BenjySarlin,123329,False,0.000000,0.000000,0.000000,0.000000,0.000,0.000,0.000,-1000000000.000000,followers_below_threshold
236,JerusalemDemsas,44704,False,0.000000,0.000000,0.000000,0.000000,0.000,0.000,0.000,-1000000000.000000,followers_below_threshold
237,eosnos,88268,False,0.000000,0.000000,0.000000,0.000000,0.000,0.000,0.000,-1000000000.000000,followers_below_threshold
238,BarakRavid,403609,True,0.000000,0.000000,0.000000,0.000000,0.000,0.000,0.000,-1000000000.000000,low_political_relevance
239,bill_easterly,117394,False,0.000000,0.000000,0.000000,0.000000,0.000,0.000,0.000,-1000000000.000000,followers_below_threshold
240,fmanjoo,169105,False,0.000000,0.000000,0.000000,0.000000,0.000,0.000,0.000,-1000000000.000000,followers_below_threshold
241,michelleinbklyn,104189,False,0.000000,0.000000,0.000000,0.000000,0.000,0.000,0.000,-1000000000.000000,followers_below_threshold
242,LawDavF,122252,False,0.000000,0.000000,0.000000,0.000000,0.000,0.000,0.000,-1000000000.000000,followers_below_threshold
243,SenSanders,11648294,True,0.000000,0.000000,0.000000,0.000000,0.000,0.000,0.000,-1000000000.000000,low_political_relevance
244,BorisJohnson,4550138,True,0.000000,0.000000,0.000000,0.000000,0.000,0.000,0.000,-1000000000.000000,low_political_relevance
245,HuffPost,9971681,True,0.000000,0.000000,0.000000,0.000000,0.000,0.000,0.000,-1000000000.000000,low_political_relevance
246,faisalislam,367833,True,0.000000,0.000000,0.000000,0.000000,0.000,0.000,0.000,-1000000000.000000,low_political_relevance
247,jordanbpeterson,6166185,True,0.000000,0.000000,0.000000,0.000000,0.000,0.000,0.000,-1000000000.000000,low_political_relevance
248,Kasparov63,1076491,True,0.000000,0.000000,0.000000,0.000000,0.000,0.000,0.000,-1000000000.000000,low_political_relevance
249,JustinWolfers,289295,True,0.000000,0.000000,0.000000,0.000000,0.000,0.000,0.000,-1000000000.000000,low_political_relevance
250,stephenWalt,113221,False,0.000000,0.000000,0.000000,0.000000,0.000,0.000,0.000,-1000000000.000000,followers_below_threshold
251,aterkel,92329,False,0.000000,0.000000,0.000000,0.000000,0.000,0.000,0.000,-1000000000.000000,followers_below_threshold
252,AlexThomp,107623,False,0.000000,0.000000,0.000000,0.000000,0.000,0.000,0.000,-1000000000.000000,followers_below_threshold
253,VivekGRamaswamy,3607112,True,0.000000,0.000000,0.000000,0.000000,0.000,0.000,0.000,-1000000000.000000,low_political_relevance
254,samstein,489551,True,0.000000,0.000000,0.000000,0.000000,0.000,0.000,0.000,-1000000000.000000,low_political_relevance
255,IChotiner,108696,False,0.000000,0.000000,0.000000,0.000000,0.000,0.000,0.000,-1000000000.000000,followers_below_threshold
256,joerogan,15455659,True,0.000000,0.000000,0.000000,0.000000,0.000,0.000,0.000,-1000000000.000000,low_political_relevance
257,fshakir,99309,False,0.000000,0.000000,0.000000,0.000000,0.000,0.000,0.000,-1000000000.000000,followers_below_threshold
258,jeremyscahill,401974,True,0.000000,0.000000,0.000000,0.000000,0.000,0.000,0.000,-1000000000.000000,low_political_relevance
259,attackerman,144594,False,0.000000,0.000000,0.000000,0.000000,0.000,0.000,0.000,-1000000000.000000,followers_below_threshold
260,KatrinaNation,156667,False,0.000000,0.000000,0.000000,0.000000,0.000,0.000,0.000,-1000000000.000000,followers_below_threshold
261,thenation,1153387,True,0.000000,0.000000,0.000000,0.000000,0.000,0.000,0.000,-1000000000.000000,low_political_relevance
262,RyanLizza,239635,True,0.000000,0.000000,0.000000,0.000000,0.000,0.000,0.000,-1000000000.000000,low_political_relevance
263,HuffPostPol,1285550,True,0.000000,0.000000,0.000000,0.000000,0.000,0.000,0.000,-1000000000.000000,low_political_relevance
264,VanJones68,869206,True,0.000000,0.000000,0.000000,0.000000,0.000,0.000,0.000,-1000000000.000000,low_political_relevance
265,NaomiAKlein,639571,True,0.000000,0.000000,0.000000,0.000000,0.000,0.000,0.000,-1000000000.000000,low_political_relevance
266,HeerJeet,211192,True,0.000000,0.000000,0.000000,0.000000,0.000,0.000,0.000,-1000000000.000000,low_political_relevance
267,AdamSerwer,294335,True,0.000000,0.000000,0.000000,0.000000,0.000,0.000,0.000,-1000000000.000000,low_political_relevance
268,StephenAtHome,16677024,True,0.000000,0.000000,0.000000,0.000000,0.000,0.000,0.000,-1000000000.000000,low_political_relevance
269,TimAlberta,165043,False,0.000000,0.000000,0.000000,0.000000,0.000,0.000,0.000,-1000000000.000000,followers_below_threshold
270,democracynow,798129,True,0.000000,0.000000,0.000000,0.000000,0.000,0.000,0.000,-1000000000.000000,low_political_relevance
271,BeschlossDC,788205,True,0.000000,0.000000,0.000000,0.000000,0.000,0.000,0.000,-1000000000.000000,low_political_relevance
272,JohnJHarwood,505698,True,0.000000,0.000000,0.000000,0.000000,0.000,0.000,0.000,-1000000000.000000,low_political_relevance
273,Yascha_Mounk,126070,False,0.000000,0.000000,0.000000,0.000000,0.000,0.000,0.000,-1000000000.000000,followers_below_threshold
274,RonaldKlain,292463,True,0.000000,0.000000,0.000000,0.000000,0.000,0.000,0.000,-1000000000.000000,low_political_relevance
275,zeynep,382857,True,0.000000,0.000000,0.000000,0.000000,0.000,0.000,0.000,-1000000000.000000,low_political_relevance
276,FranklinFoer,60577,False,0.000000,0.000000,0.000000,0.000000,0.000,0.000,0.000,-1000000000.000000,followers_below_threshold
277,PreetBharara,1549983,True,0.000000,0.000000,0.000000,0.000000,0.000,0.000,0.000,-1000000000.000000,low_political_relevance
278,HC_Richardson,365203,True,0.000000,0.000000,0.000000,0.000000,0.000,0.000,0.000,-1000000000.000000,low_political_relevance
279,juliaioffe,363057,True,0.000000,0.000000,0.000000,0.000000,0.000,0.000,0.000,-1000000000.000000,low_political_relevance
280,BBCNews,15040965,True,0.000000,0.000000,0.000000,0.000000,0.000,0.000,0.000,-1000000000.000000,low_political_relevance
281,IngrahamAngle,5291162,True,0.000000,0.000000,0.000000,0.000000,0.000,0.000,0.000,-1000000000.000000,low_political_relevance
282,MariaBartiromo,1585979,True,0.000000,0.000000,0.000000,0.000000,0.000,0.000,0.000,-1000000000.000000,low_political_relevance
283,Scaramucci,1075882,True,0.000000,0.000000,0.000000,0.000000,0.000,0.000,0.000,-1000000000.000000,low_political_relevance
284,PeterHamby,99660,False,0.000000,0.000000,0.000000,0.000000,0.000,0.000,0.000,-1000000000.000000,followers_below_threshold
285,davidgregory,1451225,True,0.000000,0.000000,0.000000,0.000000,0.000,0.000,0.000,-1000000000.000000,low_political_relevance
286,JamesMLindsay,8492,False,0.000000,0.000000,0.000000,0.000000,0.000,0.000,0.000,-1000000000.000000,followers_below_threshold
287,ProSyn,217845,True,0.000000,0.000000,0.000000,0.000000,0.000,0.000,0.000,-1000000000.000000,low_political_relevance
288,Brad_Setser,143720,False,0.000000,0.000000,0.000000,0.000000,0.000,0.000,0.000,-1000000000.000000,followers_below_threshold
289,TimothyDSnyder,573758,True,0.000000,0.000000,0.000000,0.000000,0.000,0.000,0.000,-1000000000.000000,low_political_relevance
290,RealClearWorld,20288,False,0.000000,0.000000,0.000000,0.000000,0.000,0.000,0.000,-1000000000.000000,followers_below_threshold
291,reidhoffman,775985,True,0.000000,0.000000,0.000000,0.000000,0.000,0.000,0.000,-1000000000.000000,low_political_relevance
292,nxthompson,124849,False,0.000000,0.000000,0.000000,0.000000,0.000,0.000,0.000,-1000000000.000000,followers_below_threshold
293,KGeorgieva,388218,True,0.000000,0.000000,0.000000,0.000000,0.000,0.000,0.000,-1000000000.000000,low_political_relevance
294,Revkin,83645,False,0.000000,0.000000,0.000000,0.000000,0.000,0.000,0.000,-1000000000.000000,followers_below_threshold
295,gadyepstein,61547,False,0.000000,0.000000,0.000000,0.000000,0.000,0.000,0.000,-1000000000.000000,followers_below_threshold
296,JBennet,22134,False,0.000000,0.000000,0.000000,0.000000,0.000,0.000,0.000,-1000000000.000000,followers_below_threshold
297,glcarlstrom,115399,False,0.000000,0.000000,0.000000,0.000000,0.000,0.000,0.000,-1000000000.000000,followers_below_threshold
298,zannymb,50690,False,0.000000,0.000000,0.000000,0.000000,0.000,0.000,0.000,-1000000000.000000,followers_below_threshold
299,Claudiashein,4516719,True,0.000000,0.000000,0.000000,0.000000,0.000,0.000,0.000,-1000000000.000000,low_political_relevance
300,JustinTrudeau,6422791,True,0.000000,0.000000,0.000000,0.000000,0.000,0.000,0.000,-1000000000.000000,low_political_relevance
301,AlboMP,907024,True,0.000000,0.000000,0.000000,0.000000,0.000,0.000,0.000,-1000000000.000000,low_political_relevance
302,WHO,12267917,True,0.000000,0.000000,0.000000,0.000000,0.000,0.000,0.000,-1000000000.000000,low_political_relevance
303,DrTedros,2033932,True,0.000000,0.000000,0.000000,0.000000,0.000,0.000,0.000,-1000000000.000000,low_political_relevance
304,eucopresident,1216592,True,0.000000,0.000000,0.000000,0.000000,0.000,0.000,0.000,-1000000000.000000,low_political_relevance
305,yashar,712300,True,0.000000,0.000000,0.000000,0.000000,0.000,0.000,0.000,-1000000000.000000,low_political_relevance
306,chamath,1945050,True,0.000000,0.000000,0.000000,0.000000,0.000,0.000,0.000,-1000000000.000000,low_political_relevance
307,Redistrict,605565,True,0.000000,0.000000,0.000000,0.000000,0.000,0.000,0.000,-1000000000.000000,low_political_relevance
308,business,9733330,True,0.000000,0.000000,0.000000,0.000000,0.000,0.000,0.000,-1000000000.000000,low_political_relevance
309,RubinReport,1649789,True,0.000000,0.000000,0.000000,0.000000,0.000,0.000,0.000,-1000000000.000000,low_political_relevance
310,jamiemfly,6777,False,0.000000,0.000000,0.000000,0.000000,0.000,0.000,0.000,-1000000000.000000,followers_below_threshold
311,AshleyRParker,371886,True,0.000000,0.000000,0.000000,0.000000,0.000,0.000,0.000,-1000000000.000000,low_political_relevance
312,SusanPage,75290,False,0.000000,0.000000,0.000000,0.000000,0.000,0.000,0.000,-1000000000.000000,followers_below_threshold
313,BillAckman,1948202,True,0.000000,0.000000,0.000000,0.000000,0.000,0.000,0.000,-1000000000.000000,low_political_relevance
314,thedailybeast,1269929,True,0.000000,0.000000,0.000000,0.000000,0.000,0.000,0.000,-1000000000.000000,low_political_relevance
315,DanaBashCNN,614377,True,0.000000,0.000000,0.000000,0.000000,0.000,0.000,0.000,-1000000000.000000,low_political_relevance
316,katiecouric,1504867,True,0.000000,0.000000,0.000000,0.000000,0.000,0.000,0.000,-1000000000.000000,low_political_relevance
317,X,60279425,True,0.000000,0.000000,0.000000,0.000000,0.000,0.000,0.000,-1000000000.000000,low_political_relevance
318,JamesFallows,165760,False,0.000000,0.000000,0.000000,0.000000,0.000,0.000,0.000,-1000000000.000000,followers_below_threshold
319,ObamaWhiteHouse,10744687,True,0.000000,0.000000,0.000000,0.000000,0.000,0.000,0.000,-1000000000.000000,low_political_relevance
320,DMiliband,262203,True,0.000000,0.000000,0.000000,0.000000,0.000,0.000,0.000,-1000000000.000000,low_political_relevance
321,Timodc,446040,True,0.000000,0.000000,0.000000,0.000000,0.000,0.000,0.000,-1000000000.000000,low_political_relevance
322,CarlosNYT,39102,False,0.000000,0.000000,0.000000,0.000000,0.000,0.000,0.000,-1000000000.000000,followers_below_threshold
323,TomTugendhat,149233,False,0.000000,0.000000,0.000000,0.000000,0.000,0.000,0.000,-1000000000.000000,followers_below_threshold
324,NYTimesCohen,71906,False,0.000000,0.000000,0.000000,0.000000,0.000,0.000,0.000,-1000000000.000000,followers_below_threshold
325,Joe_Nye,88695,False,0.000000,0.000000,0.000000,0.000000,0.000,0.000,0.000,-1000000000.000000,followers_below_threshold
326,FraserNelson,293428,True,0.000000,0.000000,0.000000,0.000000,0.000,0.000,0.000,-1000000000.000000,low_political_relevance
327,juliettekayyem,185055,False,0.000000,0.000000,0.000000,0.000000,0.000,0.000,0.000,-1000000000.000000,followers_below_threshold
328,donnabrazile,569168,True,0.000000,0.000000,0.000000,0.000000,0.000,0.000,0.000,-1000000000.000000,low_political_relevance
329,IgnatiusPost,125493,False,0.000000,0.000000,0.000000,0.000000,0.000,0.000,0.000,-1000000000.000000,followers_below_threshold
330,sama,4241217,True,0.000000,0.000000,0.000000,0.000000,0.000,0.000,0.000,-1000000000.000000,low_political_relevance
331,SpeakerPelosi,7972334,True,0.000000,0.000000,0.000000,0.000000,0.000,0.000,0.000,-1000000000.000000,low_political_relevance
332,cafreeland,362722,True,0.000000,0.000000,0.000000,0.000000,0.000,0.000,0.000,-1000000000.000000,low_political_relevance
333,LizEconomy,29376,False,0.000000,0.000000,0.000000,0.000000,0.000,0.000,0.000,-1000000000.000000,followers_below_threshold
334,AliVelshi,629772,True,0.000000,0.000000,0.000000,0.000000,0.000,0.000,0.000,-1000000000.000000,low_political_relevance
335,jayrosen_nyu,279623,True,0.000000,0.000000,0.000000,0.000000,0.000,0.000,0.000,-1000000000.000000,low_political_relevance
336,charlesmurray,156129,False,0.000000,0.000000,0.000000,0.000000,0.000,0.000,0.000,-1000000000.000000,followers_below_threshold
337,jakejsullivan,177679,False,0.000000,0.000000,0.000000,0.000000,0.000,0.000,0.000,-1000000000.000000,followers_below_threshold
338,GavinNewsom,2810011,True,0.000000,0.000000,0.000000,0.000000,0.000,0.000,0.000,-1000000000.000000,low_political_relevance
339,cnni,14915109,True,0.000000,0.000000,0.000000,0.000000,0.000,0.000,0.000,-1000000000.000000,low_political_relevance
340,brhodes,507256,True,0.000000,0.000000,0.000000,0.000000,0.000,0.000,0.000,-1000000000.000000,low_political_relevance
341,michaelcrowley,43646,False,0.000000,0.000000,0.000000,0.000000,0.000,0.000,0.000,-1000000000.000000,followers_below_threshold
342,jdcmedlock,115045,False,0.000000,0.000000,0.000000,0.000000,0.000,0.000,0.000,-1000000000.000000,followers_below_threshold
343,MollyJongFast,984558,True,0.000000,0.000000,0.000000,0.000000,0.000,0.000,0.000,-1000000000.000000,low_political_relevance
344,IlhanMN,2783112,True,0.000000,0.000000,0.000000,0.000000,0.000,0.000,0.000,-1000000000.000000,low_political_relevance
345,MicahZenko,24763,False,0.000000,0.000000,0.000000,0.000000,0.000,0.000,0.000,-1000000000.000000,followers_below_threshold
346,JStein_WaPo,160454,False,0.000000,0.000000,0.000000,0.000000,0.000,0.000,0.000,-1000000000.000000,followers_below_threshold
347,Neil_Irwin,89475,False,0.000000,0.000000,0.000000,0.000000,0.000,0.000,0.000,-1000000000.000000,followers_below_threshold
348,AsteadWH,199709,False,0.000000,0.000000,0.000000,0.000000,0.000,0.000,0.000,-1000000000.000000,followers_below_threshold
349,declanwalsh,148515,False,0.000000,0.000000,0.000000,0.000000,0.000,0.000,0.000,-1000000000.000000,followers_below_threshold
350,niubi,191589,False,0.000000,0.000000,0.000000,0.000000,0.000,0.000,0.000,-1000000000.000000,followers_below_threshold
351,Taniel,128579,False,0.000000,0.000000,0.000000,0.000000,0.000,0.000,0.000,-1000000000.000000,followers_below_threshold
352,EricLevitz,45524,False,0.000000,0.000000,0.000000,0.000000,0.000,0.000,0.000,-1000000000.000000,followers_below_threshold
353,DavidKlion,69216,False,0.000000,0.000000,0.000000,0.000000,0.000,0.000,0.000,-1000000000.000000,followers_below_threshold
354,TheStalwart,427893,True,0.000000,0.000000,0.000000,0.000000,0.000,0.000,0.000,-1000000000.000000,low_political_relevance
355,ColinKahl,81110,False,0.000000,0.000000,0.000000,0.000000,0.000,0.000,0.000,-1000000000.000000,followers_below_threshold
356,ewong,133189,False,0.000000,0.000000,0.000000,0.000000,0.000,0.000,0.000,-1000000000.000000,followers_below_threshold
357,maxwelltani,55378,False,0.000000,0.000000,0.000000,0.000000,0.000,0.000,0.000,-1000000000.000000,followers_below_threshold
358,charlesjkenny,24136,False,0.000000,0.000000,0.000000,0.000000,0.000,0.000,0.000,-1000000000.000000,followers_below_threshold
359,NPRinskeep,329878,True,0.000000,0.000000,0.000000,0.000000,0.000,0.000,0.000,-1000000000.000000,low_political_relevance
360,Susan_Hennessey,274622,True,0.000000,0.000000,0.000000,0.000000,0.000,0.000,0.000,-1000000000.000000,low_political_relevance
361,brett_mcgurk,230982,True,0.000000,0.000000,0.000000,0.000000,0.000,0.000,0.000,-1000000000.000000,low_political_relevance
362,paulwaugh,208257,True,0.000000,0.000000,0.000000,0.000000,0.000,0.000,0.000,-1000000000.000000,low_political_relevance
363,DavidLammy,759564,True,0.000000,0.000000,0.000000,0.000000,0.000,0.000,0.000,-1000000000.000000,low_political_relevance
364,bbclaurak,1307685,True,0.000000,0.000000,0.000000,0.000000,0.000,0.000,0.000,-1000000000.000000,low_political_relevance
365,PeoplesMomentum,157724,False,0.000000,0.000000,0.000000,0.000000,0.000,0.000,0.000,-1000000000.000000,followers_below_threshold
366,bbcnickrobinson,993699,True,0.000000,0.000000,0.000000,0.000000,0.000,0.000,0.000,-1000000000.000000,low_political_relevance
367,ShippersUnbound,200503,True,0.000000,0.000000,0.000000,0.000000,0.000,0.000,0.000,-1000000000.000000,low_political_relevance
368,Freedland,131920,False,0.000000,0.000000,0.000000,0.000000,0.000,0.000,0.000,-1000000000.000000,followers_below_threshold
369,JosephEStiglitz,408377,True,0.000000,0.000000,0.000000,0.000000,0.000,0.000,0.000,-1000000000.000000,low_political_relevance
370,michaeldweiss,267303,True,0.000000,0.000000,0.000000,0.000000,0.000,0.000,0.000,-1000000000.000000,low_political_relevance
371,fromTGA,63544,False,0.000000,0.000000,0.000000,0.000000,0.000,0.000,0.000,-1000000000.000000,followers_below_threshold
372,rickygervais,13897882,True,0.000000,0.000000,0.000000,0.000000,0.000,0.000,0.000,-1000000000.000000,low_political_relevance
373,hxhassan,122281,False,0.000000,0.000000,0.000000,0.000000,0.000,0.000,0.000,-1000000000.000000,followers_below_threshold
374,timkmak,198322,False,0.000000,0.000000,0.000000,0.000000,0.000,0.000,0.000,-1000000000.000000,followers_below_threshold
375,clarissaward,486895,True,0.000000,0.000000,0.000000,0.000000,0.000,0.000,0.000,-1000000000.000000,low_political_relevance
376,AlecJRoss,284891,True,0.000000,0.000000,0.000000,0.000000,0.000,0.000,0.000,-1000000000.000000,low_political_relevance
377,KarenAttiah,234642,True,0.000000,0.000000,0.000000,0.000000,0.000,0.000,0.000,-1000000000.000000,low_political_relevance
378,jacobin,378314,True,0.000000,0.000000,0.000000,0.000000,0.000,0.000,0.000,-1000000000.000000,low_political_relevance
379,nprpolitics,2718065,True,0.000000,0.000000,0.000000,0.000000,0.000,0.000,0.000,-1000000000.000000,low_political_relevance
380,jessesingal,178125,False,0.000000,0.000000,0.000000,0.000000,0.000,0.000,0.000,-1000000000.000000,followers_below_threshold
381,jacklgoldsmith,77982,False,0.000000,0.000000,0.000000,0.000000,0.000,0.000,0.000,-1000000000.000000,followers_below_threshold
382,zachdcarter,39712,False,0.000000,0.000000,0.000000,0.000000,0.000,0.000,0.000,-1000000000.000000,followers_below_threshold
383,Snowden,5612107,True,0.000000,0.000000,0.000000,0.000000,0.000,0.000,0.000,-1000000000.000000,low_political_relevance
384,JoeTrippi,750042,True,0.000000,0.000000,0.000000,0.000000,0.000,0.000,0.000,-1000000000.000000,low_political_relevance
385,CIA,3638006,True,0.000000,0.000000,0.000000,0.000000,0.000,0.000,0.000,-1000000000.000000,low_political_relevance
386,MMFlint,5285983,True,0.000000,0.000000,0.000000,0.000000,0.000,0.000,0.000,-1000000000.000000,low_political_relevance
387,AnaKasparian,775501,True,0.000000,0.000000,0.000000,0.000000,0.000,0.000,0.000,-1000000000.000000,low_political_relevance
388,Olivianuzzi,298321,True,0.000000,0.000000,0.000000,0.000000,0.000,0.000,0.000,-1000000000.000000,low_political_relevance
389,ZohranKMamdani,1283297,True,0.000000,0.000000,0.000000,0.000000,0.000,0.000,0.000,-1000000000.000000,low_political_relevance
390,RichardEngel,522854,True,0.000000,0.000000,0.000000,0.000000,0.000,0.000,0.000,-1000000000.000000,low_political_relevance
391,brianbeutler,162644,False,0.000000,0.000000,0.000000,0.000000,0.000,0.000,0.000,-1000000000.000000,followers_below_threshold
392,janecoaston,131445,False,0.000000,0.000000,0.000000,0.000000,0.000,0.000,0.000,-1000000000.000000,followers_below_threshold
393,TulsiGabbard,3876875,True,0.000000,0.000000,0.000000,0.000000,0.000,0.000,0.000,-1000000000.000000,low_political_relevance
394,tnyCloseRead,46639,False,0.000000,0.000000,0.000000,0.000000,0.000,0.000,0.000,-1000000000.000000,followers_below_threshold
395,AlecMacGillis,78591,False,0.000000,0.000000,0.000000,0.000000,0.000,0.000,0.000,-1000000000.000000,followers_below_threshold
396,crampell,193919,False,0.000000,0.000000,0.000000,0.000000,0.000,0.000,0.000,-1000000000.000000,followers_below_threshold
397,jbarro,274814,True,0.000000,0.000000,0.000000,0.000000,0.000,0.000,0.000,-1000000000.000000,low_political_relevance
398,conradhackett,127228,False,0.000000,0.000000,0.000000,0.000000,0.000,0.000,0.000,-1000000000.000000,followers_below_threshold
399,MarkRuffalo,7800174,True,0.000000,0.000000,0.000000,0.000000,0.000,0.000,0.000,-1000000000.000000,low_political_relevance
400,johncusack,1746695,True,0.000000,0.000000,0.000000,0.000000,0.000,0.000,0.000,-1000000000.000000,low_political_relevance
401,ebruenig,177445,False,0.000000,0.000000,0.000000,0.000000,0.000,0.000,0.000,-1000000000.000000,followers_below_threshold
402,Lawrence,2610499,True,0.000000,0.000000,0.000000,0.000000,0.000,0.000,0.000,-1000000000.000000,low_political_relevance
403,kasie,562744,True,0.000000,0.000000,0.000000,0.000000,0.000,0.000,0.000,-1000000000.000000,low_political_relevance
404,ewarren,5489535,True,0.000000,0.000000,0.000000,0.000000,0.000,0.000,0.000,-1000000000.000000,low_political_relevance
405,jonkarl,303745,True,0.000000,0.000000,0.000000,0.000000,0.000,0.000,0.000,-1000000000.000000,low_political_relevance
406,JenniferJJacobs,351972,True,0.000000,0.000000,0.000000,0.000000,0.000,0.000,0.000,-1000000000.000000,low_political_relevance
407,EJDionne,162889,False,0.000000,0.000000,0.000000,0.000000,0.000,0.000,0.000,-1000000000.000000,followers_below_threshold
408,tomperriello,96005,False,0.000000,0.000000,0.000000,0.000000,0.000,0.000,0.000,-1000000000.000000,followers_below_threshold
409,AriBerman,172738,False,0.000000,0.000000,0.000000,0.000000,0.000,0.000,0.000,-1000000000.000000,followers_below_threshold
410,alexwagner,254264,True,0.000000,0.000000,0.000000,0.000000,0.000,0.000,0.000,-1000000000.000000,low_political_relevance
411,dwallacewells,94455,False,0.000000,0.000000,0.000000,0.000000,0.000,0.000,0.000,-1000000000.000000,followers_below_threshold
412,KatyTurNBC,682321,True,0.000000,0.000000,0.000000,0.000000,0.000,0.000,0.000,-1000000000.000000,low_political_relevance
413,neeratanden,334490,True,0.000000,0.000000,0.000000,0.000000,0.000,0.000,0.000,-1000000000.000000,low_political_relevance
414,NatashaBertrand,723468,True,0.000000,0.000000,0.000000,0.000000,0.000,0.000,0.000,-1000000000.000000,low_political_relevance
415,NormOrnstein,229237,True,0.000000,0.000000,0.000000,0.000000,0.000,0.000,0.000,-1000000000.000000,low_political_relevance
416,AnandWrites,610178,True,0.000000,0.000000,0.000000,0.000000,0.000,0.000,0.000,-1000000000.000000,low_political_relevance
417,jonathanchait,193773,False,0.000000,0.000000,0.000000,0.000000,0.000,0.000,0.000,-1000000000.000000,followers_below_threshold
418,propublica,878024,True,0.000000,0.000000,0.000000,0.000000,0.000,0.000,0.000,-1000000000.000000,low_political_relevance
419,jelani9,305958,True,0.000000,0.000000,0.000000,0.000000,0.000,0.000,0.000,-1000000000.000000,low_political_relevance
420,BreakingNews,8578468,True,0.000000,0.000000,0.000000,0.000000,0.000,0.000,0.000,-1000000000.000000,low_political_relevance
421,DLind,61139,False,0.000000,0.000000,0.000000,0.000000,0.000,0.000,0.000,-1000000000.000000,followers_below_threshold
422,SenSchumer,3368163,True,0.000000,0.000000,0.000000,0.000000,0.000,0.000,0.000,-1000000000.000000,low_political_relevance
423,jodikantor,113512,False,0.000000,0.000000,0.000000,0.000000,0.000,0.000,0.000,-1000000000.000000,followers_below_threshold
424,PressSec45,5364850,True,0.000000,0.000000,0.000000,0.000000,0.000,0.000,0.000,-1000000000.000000,low_political_relevance
425,DonaldJTrumpJr,15895206,True,0.000000,0.000000,0.000000,0.000000,0.000,0.000,0.000,-1000000000.000000,low_political_relevance
426,greta,1218734,True,0.000000,0.000000,0.000000,0.000000,0.000,0.000,0.000,-1000000000.000000,low_political_relevance
427,PM_ViktorOrban,713960,True,0.000000,0.000000,0.000000,0.000000,0.000,0.000,0.000,-1000000000.000000,low_political_relevance
428,FoxNews,27831995,True,0.000000,0.000000,0.000000,0.000000,0.000,0.000,0.000,-1000000000.000000,low_political_relevance
429,DavidAFrench,312381,True,0.000000,0.000000,0.000000,0.000000,0.000,0.000,0.000,-1000000000.000000,low_political_relevance
430,newtgingrich,2442669,True,0.000000,0.000000,0.000000,0.000000,0.000,0.000,0.000,-1000000000.000000,low_political_relevance
431,SpeakerBoehner,1151921,True,0.000000,0.000000,0.000000,0.000000,0.000,0.000,0.000,-1000000000.000000,low_political_relevance
432,SenJohnMcCain,2517436,True,0.000000,0.000000,0.000000,0.000000,0.000,0.000,0.000,-1000000000.000000,low_political_relevance
433,GovChristie,782651,True,0.000000,0.000000,0.000000,0.000000,0.000,0.000,0.000,-1000000000.000000,low_political_relevance
434,SarahPalinUSA,1398565,True,0.000000,0.000000,0.000000,0.000000,0.000,0.000,0.000,-1000000000.000000,low_political_relevance
435,CondoleezzaRice,301627,True,0.000000,0.000000,0.000000,0.000000,0.000,0.000,0.000,-1000000000.000000,low_political_relevance
436,danbalz,103407,False,0.000000,0.000000,0.000000,0.000000,0.000,0.000,0.000,-1000000000.000000,followers_below_threshold
437,RANDCorporation,254663,True,0.000000,0.000000,0.000000,0.000000,0.000,0.000,0.000,-1000000000.000000,low_political_relevance
438,ChathamHouse,302784,True,0.000000,0.000000,0.000000,0.000000,0.000,0.000,0.000,-1000000000.000000,low_political_relevance
439,CSIS,423951,True,0.000000,0.000000,0.000000,0.000000,0.000,0.000,0.000,-1000000000.000000,low_political_relevance
440,therecount,325757,True,0.000000,0.000000,0.000000,0.000000,0.000,0.000,0.000,-1000000000.000000,low_political_relevance
441,gilliantett,64871,False,0.000000,0.000000,0.000000,0.000000,0.000,0.000,0.000,-1000000000.000000,followers_below_threshold
442,Trevornoah,10879081,True,0.000000,0.000000,0.000000,0.000000,0.000,0.000,0.000,-1000000000.000000,low_political_relevance
443,NBCNews,9268224,True,0.000000,0.000000,0.000000,0.000000,0.000,0.000,0.000,-1000000000.000000,low_political_relevance
444,CharlesMBlow,514816,True,0.000000,0.000000,0.000000,0.000000,0.000,0.000,0.000,-1000000000.000000,low_political_relevance
445,anders_aslund,329614,True,0.000000,0.000000,0.000000,0.000000,0.000,0.000,0.000,-1000000000.000000,low_political_relevance
446,robertwrighter,49096,False,0.000000,0.000000,0.000000,0.000000,0.000,0.000,0.000,-1000000000.000000,followers_below_threshold
447,ShashiTharoor,8016620,True,0.000000,0.000000,0.000000,0.000000,0.000,0.000,0.000,-1000000000.000000,low_political_relevance
448,G7,125378,False,0.000000,0.000000,0.000000,0.000000,0.000,0.000,0.000,-1000000000.000000,followers_below_threshold
449,kajakallas,416194,True,0.000000,0.000000,0.000000,0.000000,0.000,0.000,0.000,-1000000000.000000,low_political_relevance
450,alexstubb,528448,True,0.000000,0.000000,0.000000,0.000000,0.000,0.000,0.000,-1000000000.000000,low_political_relevance
451,NATO,1982951,True,0.000000,0.000000,0.000000,0.000000,0.000,0.000,0.000,-1000000000.000000,low_political_relevance
452,DailyCaller,1233623,True,0.000000,0.000000,0.000000,0.000000,0.000,0.000,0.000,-1000000000.000000,low_political_relevance
453,DanaPerino,2481863,True,0.000000,0.000000,0.000000,0.000000,0.000,0.000,0.000,-1000000000.000000,low_political_relevance
454,ConanOBrien,23752179,True,0.000000,0.000000,0.000000,0.000000,0.000,0.000,0.000,-1000000000.000000,low_political_relevance
455,ExumAM,46578,False,0.000000,0.000000,0.000000,0.000000,0.000,0.000,0.000,-1000000000.000000,followers_below_threshold
456,BBCr4today,634830,True,0.000000,0.000000,0.000000,0.000000,0.000,0.000,0.000,-1000000000.000000,low_political_relevance
457,jonstewart,1575464,True,0.000000,0.000000,0.000000,0.000000,0.000,0.000,0.000,-1000000000.000000,low_political_relevance
458,markos,150859,False,0.000000,0.000000,0.000000,0.000000,0.000,0.000,0.000,-1000000000.000000,followers_below_threshold
459,pewresearch,414774,True,0.000000,0.000000,0.000000,0.000000,0.000,0.000,0.000,-1000000000.000000,low_political_relevance
460,VP44,2085223,True,0.000000,0.000000,0.000000,0.000000,0.000,0.000,0.000,-1000000000.000000,low_political_relevance
461,GlennLoury,203863,True,0.000000,0.000000,0.000000,0.000000,0.000,0.000,0.000,-1000000000.000000,low_political_relevance
462,DavidCornDC,869678,True,0.000000,0.000000,0.000000,0.000000,0.000,0.000,0.000,-1000000000.000000,low_political_relevance
463,IvoHDaalder,47986,False,0.000000,0.000000,0.000000,0.000000,0.000,0.000,0.000,-1000000000.000000,followers_below_threshold
464,MichelleObama,20534742,True,0.000000,0.000000,0.000000,0.000000,0.000,0.000,0.000,-1000000000.000000,low_political_relevance
465,VP45,8949669,True,0.000000,0.000000,0.000000,0.000000,0.000,0.000,0.000,-1000000000.000000,low_political_relevance
466,hrw,4786796,True,0.000000,0.000000,0.000000,0.000000,0.000,0.000,0.000,-1000000000.000000,low_political_relevance
467,tparsi,166296,False,0.000000,0.000000,0.000000,0.000000,0.000,0.000,0.000,-1000000000.000000,followers_below_threshold
468,JohnKingCNN,494531,True,0.000000,0.000000,0.000000,0.000000,0.000,0.000,0.000,-1000000000.000000,low_political_relevance
469,richardbranson,11551135,True,0.000000,0.000000,0.000000,0.000000,0.000,0.000,0.000,-1000000000.000000,low_political_relevance
470,charlierose,144993,False,0.000000,0.000000,0.000000,0.000000,0.000,0.000,0.000,-1000000000.000000,followers_below_threshold
471,j_tepperman,5667,False,0.000000,0.000000,0.000000,0.000000,0.000,0.000,0.000,-1000000000.000000,followers_below_threshold
472,JZarif,1629351,True,0.000000,0.000000,0.000000,0.000000,0.000,0.000,0.000,-1000000000.000000,low_political_relevance
473,lrozen,176831,False,0.000000,0.000000,0.000000,0.000000,0.000,0.000,0.000,-1000000000.000000,followers_below_threshold
474,JillAbramson,42019,False,0.000000,0.000000,0.000000,0.000000,0.000,0.000,0.000,-1000000000.000000,followers_below_threshold
475,cshirky,267475,True,0.000000,0.000000,0.000000,0.000000,0.000,0.000,0.000,-1000000000.000000,low_political_relevance
476,MeghanMcCain,836487,True,0.000000,0.000000,0.000000,0.000000,0.000,0.000,0.000,-1000000000.000000,low_political_relevance
477,jdickerson,1769242,True,0.000000,0.000000,0.000000,0.000000,0.000,0.000,0.000,-1000000000.000000,low_political_relevance
478,owenjonesjourno,1081778,True,0.000000,0.000000,0.000000,0.000000,0.000,0.000,0.000,-1000000000.000000,low_political_relevance
479,GravelInstitute,312009,True,0.000000,0.000000,0.000000,0.000000,0.000,0.000,0.000,-1000000000.000000,low_political_relevance
480,TheDemocrats,2403638,True,0.000000,0.000000,0.000000,0.000000,0.000,0.000,0.000,-1000000000.000000,low_political_relevance
481,Acyn,707099,True,0.000000,0.000000,0.000000,0.000000,0.000,0.000,0.000,-1000000000.000000,low_political_relevance
482,kenklippenstein,561599,True,0.000000,0.000000,0.000000,0.000000,0.000,0.000,0.000,-1000000000.000000,low_political_relevance
483,NomikiKonst,105539,False,0.000000,0.000000,0.000000,0.000000,0.000,0.000,0.000,-1000000000.000000,followers_below_threshold
484,linamkhan,145634,False,0.000000,0.000000,0.000000,0.000000,0.000,0.000,0.000,-1000000000.000000,followers_below_threshold
485,KoriSchake,43564,False,0.000000,0.000000,0.000000,0.000000,0.000,0.000,0.000,-1000000000.000000,followers_below_threshold
486,lkmcgann,12793,False,0.000000,0.000000,0.000000,0.000000,0.000,0.000,0.000,-1000000000.000000,followers_below_threshold
487,GlennKessler__,121662,False,0.000000,0.000000,0.000000,0.000000,0.000,0.000,0.000,-1000000000.000000,followers_below_threshold
488,bradplumer,38678,False,0.000000,0.000000,0.000000,0.000000,0.000,0.000,0.000,-1000000000.000000,followers_below_threshold
489,m_clem,50467,False,0.000000,0.000000,0.000000,0.000000,0.000,0.000,0.000,-1000000000.000000,followers_below_threshold
490,AllisonRockey,5653,False,0.000000,0.000000,0.000000,0.000000,0.000,0.000,0.000,-1000000000.000000,followers_below_threshold
491,ChemiShalev,30501,False,0.000000,0.000000,0.000000,0.000000,0.000,0.000,0.000,-1000000000.000000,followers_below_threshold
492,RidT,51217,False,0.000000,0.000000,0.000000,0.000000,0.000,0.000,0.000,-1000000000.000000,followers_below_threshold
493,leedrutman,21467,False,0.000000,0.000000,0.000000,0.000000,0.000,0.000,0.000,-1000000000.000000,followers_below_threshold
494,DLeonhardt,140103,False,0.000000,0.000000,0.000000,0.000000,0.000,0.000,0.000,-1000000000.000000,followers_below_threshold
495,b_judah,72055,False,0.000000,0.000000,0.000000,0.000000,0.000,0.000,0.000,-1000000000.000000,followers_below_threshold
496,ArmsControlWonk,113490,False,0.000000,0.000000,0.000000,0.000000,0.000,0.000,0.000,-1000000000.000000,followers_below_threshold
497,972mag,138044,False,0.000000,0.000000,0.000000,0.000000,0.000,0.000,0.000,-1000000000.000000,followers_below_threshold
498,laurenwilliams,30719,False,0.000000,0.000000,0.000000,0.000000,0.000,0.000,0.000,-1000000000.000000,followers_below_threshold
499,BrendanNyhan,79910,False,0.000000,0.000000,0.000000,0.000000,0.000,0.000,0.000,-1000000000.000000,followers_below_threshold
500,ModeledBehavior,90174,False,0.000000,0.000000,0.000000,0.000000,0.000,0.000,0.000,-1000000000.000000,followers_below_threshold
501,GerardAraud,158339,False,0.000000,0.000000,0.000000,0.000000,0.000,0.000,0.000,-1000000000.000000,followers_below_threshold
502,AmbassadorRice,560661,True,0.000000,0.000000,0.000000,0.000000,0.000,0.000,0.000,-1000000000.000000,low_political_relevance
503,KamalaHQ,1137171,True,0.000000,0.000000,0.000000,0.000000,0.000,0.000,0.000,-1000000000.000000,low_political_relevance
504,rtraister,185496,False,0.000000,0.000000,0.000000,0.000000,0.000,0.000,0.000,-1000000000.000000,followers_below_threshold
505,goodauth,49473,False,0.000000,0.000000,0.000000,0.000000,0.000,0.000,0.000,-1000000000.000000,followers_below_threshold
506,awprokop,37964,False,0.000000,0.000000,0.000000,0.000000,0.000,0.000,0.000,-1000000000.000000,followers_below_threshold
507,SarahLongwell25,152846,False,0.000000,0.000000,0.000000,0.000000,0.000,0.000,0.000,-1000000000.000000,followers_below_threshold
508,mikiebarb,246303,True,0.000000,0.000000,0.000000,0.000000,0.000,0.000,0.000,-1000000000.000000,low_political_relevance
509,ishaantharoor,103209,False,0.000000,0.000000,0.000000,0.000000,0.000,0.000,0.000,-1000000000.000000,followers_below_threshold
510,btselem,211770,True,0.000000,0.000000,0.000000,0.000000,0.000,0.000,0.000,-1000000000.000000,low_political_relevance
511,Cirincione,49987,False,0.000000,0.000000,0.000000,0.000000,0.000,0.000,0.000,-1000000000.000000,followers_below_threshold
512,SadiqKhan,1035877,True,0.000000,0.000000,0.000000,0.000000,0.000,0.000,0.000,-1000000000.000000,low_political_relevance
513,tomkeene,175443,False,0.000000,0.000000,0.000000,0.000000,0.000,0.000,0.000,-1000000000.000000,followers_below_threshold
514,KanzlerScholz,956880,True,0.000000,0.000000,0.000000,0.000000,0.000,0.000,0.000,-1000000000.000000,low_political_relevance
515,POTUS44,12300805,True,0.000000,0.000000,0.000000,0.000000,0.000,0.000,0.000,-1000000000.000000,low_political_relevance
516,Dannythefink,391847,True,0.000000,0.000000,0.000000,0.000000,0.000,0.000,0.000,-1000000000.000000,low_political_relevance
517,Thehackandhound,109209,False,0.000000,0.000000,0.000000,0.000000,0.000,0.000,0.000,-1000000000.000000,followers_below_threshold
518,campbellclaret,1077161,True,0.000000,0.000000,0.000000,0.000000,0.000,0.000,0.000,-1000000000.000000,low_political_relevance
519,BBCPolitics,1067443,True,0.000000,0.000000,0.000000,0.000000,0.000,0.000,0.000,-1000000000.000000,low_political_relevance
520,paulmasonnews,566732,True,0.000000,0.000000,0.000000,0.000000,0.000,0.000,0.000,-1000000000.000000,low_political_relevance
521,SamCoatesSky,247574,True,0.000000,0.000000,0.000000,0.000000,0.000,0.000,0.000,-1000000000.000000,low_political_relevance
522,SebastianEPayne,117559,False,0.000000,0.000000,0.000000,0.000000,0.000,0.000,0.000,-1000000000.000000,followers_below_threshold
523,SophyRidgeSky,247275,True,0.000000,0.000000,0.000000,0.000000,0.000,0.000,0.000,-1000000000.000000,low_political_relevance
524,BBCNewsnight,699979,True,0.000000,0.000000,0.000000,0.000000,0.000,0.000,0.000,-1000000000.000000,low_political_relevance
525,jonsnowC4,1262907,True,0.000000,0.000000,0.000000,0.000000,0.000,0.000,0.000,-1000000000.000000,low_political_relevance
526,bbcquestiontime,546286,True,0.000000,0.000000,0.000000,0.000000,0.000,0.000,0.000,-1000000000.000000,low_political_relevance
527,BearGrylls,1405463,True,0.000000,0.000000,0.000000,0.000000,0.000,0.000,0.000,-1000000000.000000,low_political_relevance
528,strobetalbott,43654,False,0.000000,0.000000,0.000000,0.000000,0.000,0.000,0.000,-1000000000.000000,followers_below_threshold
529,WilliamJHague,256233,True,0.000000,0.000000,0.000000,0.000000,0.000,0.000,0.000,-1000000000.000000,low_political_relevance
530,BBCSteveR,290253,True,0.000000,0.000000,0.000000,0.000000,0.000,0.000,0.000,-1000000000.000000,low_political_relevance
531,IAPonomarenko,1166476,True,0.000000,0.000000,0.000000,0.000000,0.000,0.000,0.000,-1000000000.000000,low_political_relevance
532,mfullilove,24351,False,0.000000,0.000000,0.000000,0.000000,0.000,0.000,0.000,-1000000000.000000,followers_below_threshold
533,DalaiLama,16731132,True,0.000000,0.000000,0.000000,0.000000,0.000,0.000,0.000,-1000000000.000000,low_political_relevance
534,SecBlinken,2196235,True,0.000000,0.000000,0.000000,0.000000,0.000,0.000,0.000,-1000000000.000000,low_political_relevance
535,WarintheFuture,357131,True,0.000000,0.000000,0.000000,0.000000,0.000,0.000,0.000,-1000000000.000000,low_political_relevance
536,nntaleb,1122195,True,0.000000,0.000000,0.000000,0.000000,0.000,0.000,0.000,-1000000000.000000,low_political_relevance
537,GretaThunberg,5179562,True,0.000000,0.000000,0.000000,0.000000,0.000,0.000,0.000,-1000000000.000000,low_political_relevance
538,StephenM,1709914,True,0.000000,0.000000,0.000000,0.000000,0.000,0.000,0.000,-1000000000.000000,low_political_relevance
539,RealCandaceO,7561256,True,0.000000,0.000000,0.000000,0.000000,0.000,0.000,0.000,-1000000000.000000,low_political_relevance
540,PGourevitch,62353,False,0.000000,0.000000,0.000000,0.000000,0.000,0.000,0.000,-1000000000.000000,followers_below_threshold
541,rcbregman,369137,True,0.000000,0.000000,0.000000,0.000000,0.000,0.000,0.000,-1000000000.000000,low_political_relevance
542,jamescrabtree,34901,False,0.000000,0.000000,0.000000,0.000000,0.000,0.000,0.000,-1000000000.000000,followers_below_threshold
543,econjared,65961,False,0.000000,0.000000,0.000000,0.000000,0.000,0.000,0.000,-1000000000.000000,followers_below_threshold
544,SenAdamSchiff,3379800,True,0.000000,0.000000,0.000000,0.000000,0.000,0.000,0.000,-1000000000.000000,low_political_relevance
545,BillClinton,12371170,True,0.000000,0.000000,0.000000,0.000000,0.000,0.000,0.000,-1000000000.000000,low_political_relevance
546,taylorswift13,78859558,True,0.000000,0.000000,0.000000,0.000000,0.000,0.000,0.000,-1000000000.000000,low_political_relevance
547,jk_rowling,13830683,True,0.000000,0.000000,0.000000,0.000000,0.000,0.000,0.000,-1000000000.000000,low_political_relevance
548,kwelkernbc,382349,True,0.000000,0.000000,0.000000,0.000000,0.000,0.000,0.000,-1000000000.000000,low_political_relevance
549,mcmoynihan,59543,False,0.000000,0.000000,0.000000,0.000000,0.000,0.000,0.000,-1000000000.000000,followers_below_threshold
550,davidfolkenflik,116155,False,0.000000,0.000000,0.000000,0.000000,0.000,0.000,0.000,-1000000000.000000,followers_below_threshold
551,zerohedge,2432889,True,0.000000,0.000000,0.000000,0.000000,0.000,0.000,0.000,-1000000000.000000,low_political_relevance
552,TomBevanRCP,94278,False,0.000000,0.000000,0.000000,0.000000,0.000,0.000,0.000,-1000000000.000000,followers_below_threshold
553,conor64,88245,False,0.000000,0.000000,0.000000,0.000000,0.000,0.000,0.000,-1000000000.000000,followers_below_threshold
554,saikatc,73706,False,0.000000,0.000000,0.000000,0.000000,0.000,0.000,0.000,-1000000000.000000,followers_below_threshold
555,FrankBruni,298218,True,0.000000,0.000000,0.000000,0.000000,0.000,0.000,0.000,-1000000000.000000,low_political_relevance
556,irin,69442,False,0.000000,0.000000,0.000000,0.000000,0.000,0.000,0.000,-1000000000.000000,followers_below_threshold
557,JohnCassidy,59059,False,0.000000,0.000000,0.000000,0.000000,0.000,0.000,0.000,-1000000000.000000,followers_below_threshold
558,RealAlexJones,4470444,True,0.000000,0.000000,0.000000,0.000000,0.000,0.000,0.000,-1000000000.000000,low_political_relevance
559,lessig,294052,True,0.000000,0.000000,0.000000,0.000000,0.000,0.000,0.000,-1000000000.000000,low_political_relevance
560,amychua,40975,False,0.000000,0.000000,0.000000,0.000000,0.000,0.000,0.000,-1000000000.000000,followers_below_threshold
561,ShaneGoldmacher,75837,False,0.000000,0.000000,0.000000,0.000000,0.000,0.000,0.000,-1000000000.000000,followers_below_threshold
562,RosieGray,92660,False,0.000000,0.000000,0.000000,0.000000,0.000,0.000,0.000,-1000000000.000000,followers_below_threshold
563,louistheroux,2035292,True,0.000000,0.000000,0.000000,0.000000,0.000,0.000,0.000,-1000000000.000000,low_political_relevance
564,johannhari101,124255,False,0.000000,0.000000,0.000000,0.000000,0.000,0.000,0.000,-1000000000.000000,followers_below_threshold
565,SusanSarandon,800895,True,0.000000,0.000000,0.000000,0.000000,0.000,0.000,0.000,-1000000000.000000,low_political_relevance
566,coldxman,405350,True,0.000000,0.000000,0.000000,0.000000,0.000,0.000,0.000,-1000000000.000000,low_political_relevance
567,ZephyrTeachout,119726,False,0.000000,0.000000,0.000000,0.000000,0.000,0.000,0.000,-1000000000.000000,followers_below_threshold
568,charliekirk11,6195505,True,0.000000,0.000000,0.000000,0.000000,0.000,0.000,0.000,-1000000000.000000,low_political_relevance
569,davidsirota,355928,True,0.000000,0.000000,0.000000,0.000000,0.000,0.000,0.000,-1000000000.000000,low_political_relevance
570,TrumpDailyPosts,2682519,True,0.000000,0.000000,0.000000,0.000000,0.000,0.000,0.000,-1000000000.000000,low_political_relevance
571,cspan,2007527,True,0.000000,0.000000,0.000000,0.000000,0.000,0.000,0.000,-1000000000.000000,low_political_relevance
572,SCOTUSblog,569558,True,0.000000,0.000000,0.000000,0.000000,0.000,0.000,0.000,-1000000000.000000,low_political_relevance
573,mattdpearce,127888,False,0.000000,0.000000,0.000000,0.000000,0.000,0.000,0.000,-1000000000.000000,followers_below_threshold
574,lhfang,333132,True,0.000000,0.000000,0.000000,0.000000,0.000,0.000,0.000,-1000000000.000000,low_political_relevance
575,chucktodd,1863545,True,0.000000,0.000000,0.000000,0.000000,0.000,0.000,0.000,-1000000000.000000,low_political_relevance
576,Sulliview,124838,False,0.000000,0.000000,0.000000,0.000000,0.000,0.000,0.000,-1000000000.000000,followers_below_threshold
577,ddayen,91740,False,0.000000,0.000000,0.000000,0.000000,0.000,0.000,0.000,-1000000000.000000,followers_below_threshold
578,kenvogel,110474,False,0.000000,0.000000,0.000000,0.000000,0.000,0.000,0.000,-1000000000.000000,followers_below_threshold
579,ErikWemple,62228,False,0.000000,0.000000,0.000000,0.000000,0.000,0.000,0.000,-1000000000.000000,followers_below_threshold
580,SangerNYT,94999,False,0.000000,0.000000,0.000000,0.000000,0.000,0.000,0.000,-1000000000.000000,followers_below_threshold
581,carolynryan,40197,False,0.000000,0.000000,0.000000,0.000000,0.000,0.000,0.000,-1000000000.000000,followers_below_threshold
582,RobertKennedyJr,5769759,True,0.000000,0.000000,0.000000,0.000000,0.000,0.000,0.000,-1000000000.000000,low_political_relevance
583,DanielYergin,41920,False,0.000000,0.000000,0.000000,0.000000,0.000,0.000,0.000,-1000000000.000000,followers_below_threshold
584,WarOnTheRocks,173654,False,0.000000,0.000000,0.000000,0.000000,0.000,0.000,0.000,-1000000000.000000,followers_below_threshold
585,MunSecConf,100653,False,0.000000,0.000000,0.000000,0.000000,0.000,0.000,0.000,-1000000000.000000,followers_below_threshold
586,mashagessen,128848,False,0.000000,0.000000,0.000000,0.000000,0.000,0.000,0.000,-1000000000.000000,followers_below_threshold
587,MarkGaleotti,124414,False,0.000000,0.000000,0.000000,0.000000,0.000,0.000,0.000,-1000000000.000000,followers_below_threshold
588,alexbward,42341,False,0.000000,0.000000,0.000000,0.000000,0.000,0.000,0.000,-1000000000.000000,followers_below_threshold
589,lawfare,214637,True,0.000000,0.000000,0.000000,0.000000,0.000,0.000,0.000,-1000000000.000000,low_political_relevance
590,AmbJohnBolton,847428,True,0.000000,0.000000,0.000000,0.000000,0.000,0.000,0.000,-1000000000.000000,low_political_relevance
591,rupertmurdoch,602824,True,0.000000,0.000000,0.000000,0.000000,0.000,0.000,0.000,-1000000000.000000,low_political_relevance
592,SarahKSilverman,10267354,True,0.000000,0.000000,0.000000,0.000000,0.000,0.000,0.000,-1000000000.000000,low_political_relevance
593,profdavidharvey,177433,False,0.000000,0.000000,0.000000,0.000000,0.000,0.000,0.000,-1000000000.000000,followers_below_threshold
594,NorahODonnell,250055,True,0.000000,0.000000,0.000000,0.000000,0.000,0.000,0.000,-1000000000.000000,low_political_relevance
595,nickconfessore,176637,False,0.000000,0.000000,0.000000,0.000000,0.000,0.000,0.000,-1000000000.000000,followers_below_threshold
596,DafnaLinzer,26322,False,0.000000,0.000000,0.000000,0.000000,0.000,0.000,0.000,-1000000000.000000,followers_below_threshold
597,azizansari,8340254,True,0.000000,0.000000,0.000000,0.000000,0.000,0.000,0.000,-1000000000.000000,low_political_relevance
598,CoryBooker,4359564,True,0.000000,0.000000,0.000000,0.000000,0.000,0.000,0.000,-1000000000.000000,low_political_relevance
599,RitchieTorres,220266,True,0.000000,0.000000,0.000000,0.000000,0.000,0.000,0.000,-1000000000.000000,low_political_relevance
600,SwatiGauri,18150,False,0.000000,0.000000,0.000000,0.000000,0.000,0.000,0.000,-1000000000.000000,followers_below_threshold
601,johnlegend,11893550,True,0.000000,0.000000,0.000000,0.000000,0.000,0.000,0.000,-1000000000.000000,low_political_relevance
602,thegarance,65239,False,0.000000,0.000000,0.000000,0.000000,0.000,0.000,0.000,-1000000000.000000,followers_below_threshold
603,_cingraham,87304,False,0.000000,0.000000,0.000000,0.000000,0.000,0.000,0.000,-1000000000.000000,followers_below_threshold
604,Yamiche,1043849,True,0.000000,0.000000,0.000000,0.000000,0.000,0.000,0.000,-1000000000.000000,low_political_relevance
605,Toure,199805,False,0.000000,0.000000,0.000000,0.000000,0.000,0.000,0.000,-1000000000.000000,followers_below_threshold
606,edokeefe,127874,False,0.000000,0.000000,0.000000,0.000000,0.000,0.000,0.000,-1000000000.000000,followers_below_threshold
607,sissenberg,18787,False,0.000000,0.000000,0.000000,0.000000,0.000,0.000,0.000,-1000000000.000000,followers_below_threshold
608,theintercept,837530,True,0.000000,0.000000,0.000000,0.000000,0.000,0.000,0.000,-1000000000.000000,low_political_relevance
609,mkraju,594031,True,0.000000,0.000000,0.000000,0.000000,0.000,0.000,0.000,-1000000000.000000,low_political_relevance
610,anamariecox,1015101,True,0.000000,0.000000,0.000000,0.000000,0.000,0.000,0.000,-1000000000.000000,low_political_relevance
611,dylanlscott,31468,False,0.000000,0.000000,0.000000,0.000000,0.000,0.000,0.000,-1000000000.000000,followers_below_threshold
612,CitizenCohn,57713,False,0.000000,0.000000,0.000000,0.000000,0.000,0.000,0.000,-1000000000.000000,followers_below_threshold
613,mollyesque,128316,False,0.000000,0.000000,0.000000,0.000000,0.000,0.000,0.000,-1000000000.000000,followers_below_threshold
614,seanilling,21498,False,0.000000,0.000000,0.000000,0.000000,0.000,0.000,0.000,-1000000000.000000,followers_below_threshold
615,WesleyLowery,565607,True,0.000000,0.000000,0.000000,0.000000,0.000,0.000,0.000,-1000000000.000000,low_political_relevance
