rank,username,eligible,median_views,median_engagement,active_days,originality,rel_lex,sim_tfidf,views_norm,eng_norm,rel_norm,orig_norm,act_norm,sim_norm,score,error
1,realDonaldTrump,True,49422424.000,444896.000,8,1.0000,0.083333,0.011376,1.000000,1.000000,0.000000,1.000000,0.750000,0.027965,0.825000,
2,PeterAttiaMD,True,50195.000,449.500,20,1.0000,0.791667,0.047618,0.000694,0.000873,0.809524,1.000000,1.000000,0.331226,0.321933,
3,ScottGottliebMD,True,174005.000,245.000,10,1.0000,0.729167,0.127541,0.003200,0.000414,0.738095,1.000000,1.000000,1.000000,0.311958,
4,CDCgov,True,39046.000,241.500,17,0.9000,0.804167,0.083213,0.000468,0.000406,0.823810,0.833333,1.000000,0.629072,0.307190,
5,ashishkjha,True,17979.000,73.000,10,0.9091,0.704167,0.085687,0.000042,0.000027,0.709524,0.848485,1.000000,0.649777,0.291300,
6,mvankerkhove,True,28513.000,358.000,9,0.5882,0.958333,0.076809,0.000255,0.000668,1.000000,0.313725,0.875000,0.575488,0.269162,
7,devisridhar,True,15904.500,72.000,16,0.9500,0.387500,0.041622,0.000000,0.000025,0.347619,0.916667,1.000000,0.281052,0.243817,
8,DrOz,True,25726.000,1451.000,14,0.9375,0.287500,0.034494,0.000199,0.003125,0.233333,0.895833,1.000000,0.221410,0.225590,
9,VirusesImmunity,True,17676.500,309.000,7,0.6250,0.737500,0.069962,0.000036,0.000558,0.747619,0.375000,0.625000,0.518196,0.212323,
10,NobelPrize,True,16610.500,484.000,10,1.0000,0.125000,0.030896,0.000014,0.000951,0.047619,1.000000,1.000000,0.191303,0.207433,
11,davidasinclair,True,39738.500,1164.500,6,0.9000,0.475000,0.078415,0.000482,0.002481,0.447619,0.833333,0.500000,0.588924,0.201389,
12,WHO,True,21540.500,280.500,5,0.8000,0.537500,0.100745,0.000114,0.000493,0.519048,0.666667,0.375000,0.775776,0.182212,
13,EricTopol,True,35066.000,262.500,4,0.9000,0.495833,0.097894,0.000388,0.000453,0.471429,0.833333,0.250000,0.751917,0.179319,
14,angie_rasmussen,True,18283.000,224.000,9,0.6500,0.245833,0.037305,0.000048,0.000366,0.185714,0.416667,0.875000,0.244929,0.157151,
15,hubermanlab,True,138584.000,1184.000,6,0.5500,0.508333,0.008034,0.002483,0.002525,0.485714,0.250000,0.500000,0.000000,0.149484,
16,HubermanLab,True,138576.000,1181.500,6,0.5500,0.508333,0.008034,0.002483,0.002519,0.485714,0.250000,0.500000,0.000000,0.149482,
17,WSJ,True,33484.500,61.000,2,1.0000,0.104167,0.047907,0.000356,0.000000,0.023810,1.000000,0.000000,0.333643,0.103696,
18,AOC,True,787926.500,24652.000,7,0.4500,0.125000,0.025387,0.015626,0.055281,0.047619,0.083333,0.625000,0.145197,0.100030,
19,NickKristof,True,75918.500,1201.000,4,0.7500,0.125000,0.028899,0.001215,0.002563,0.047619,0.583333,0.250000,0.174590,0.091670,
20,JonHaidt,True,65878.000,753.000,7,0.4000,0.166667,0.032869,0.001011,0.001556,0.095238,0.000000,0.625000,0.207806,0.077606,
21,nytimes,True,114010.500,361.000,2,0.7000,0.145833,0.036189,0.001986,0.000674,0.071429,0.500000,0.000000,0.235585,0.061612,
22,UN,True,18651.500,301.500,3,0.4500,0.120833,0.026533,0.000056,0.000541,0.042857,0.083333,0.125000,0.154794,0.027444,
23,statsepi,False,0.000,0.000,0,0.0000,0.000000,0.000000,0.000000,0.000000,0.000000,0.000000,0.000000,0.000000,-1000000000.000000,min_followers
24,PeterHotez,False,0.000,0.000,2,0.1500,0.000000,0.000000,0.000000,0.000000,0.000000,0.000000,0.000000,0.000000,-1000000000.000000,min_original_ratio
25,EpiEllie,False,0.000,0.000,0,0.0000,0.000000,0.000000,0.000000,0.000000,0.000000,0.000000,0.000000,0.000000,-1000000000.000000,min_tweets
26,juliaoftoronto,False,0.000,0.000,0,0.0000,0.000000,0.000000,0.000000,0.000000,0.000000,0.000000,0.000000,0.000000,-1000000000.000000,min_followers
27,DrTomFrieden,False,4874.500,0.000,14,0.9500,0.000000,0.000000,0.000000,0.000000,0.000000,0.000000,0.000000,0.000000,-1000000000.000000,min_median_views
28,DrLeanaWen,False,0.000,0.000,0,0.0000,0.000000,0.000000,0.000000,0.000000,0.000000,0.000000,0.000000,0.000000,-1000000000.000000,min_tweets
29,ZubinDamania,False,0.000,0.000,0,0.0000,0.000000,0.000000,0.000000,0.000000,0.000000,0.000000,0.000000,0.000000,-1000000000.000000,min_followers
30,DrEricDing,False,13519.000,0.000,8,0.6500,0.000000,0.000000,0.000000,0.000000,0.000000,0.000000,0.000000,0.000000,-1000000000.000000,min_median_views
31,DrJenGunter,False,27502.500,218.500,7,0.6429,0.020833,0.000000,0.000000,0.000000,0.000000,0.000000,0.000000,0.000000,-1000000000.000000,min_relevance
32,DrMikeVarshavski,False,0.000,0.000,0,0.0000,0.000000,0.000000,0.000000,0.000000,0.000000,0.000000,0.000000,0.000000,-1000000000.000000,min_followers
33,DocBastard,False,0.000,0.000,0,0.0000,0.000000,0.000000,0.000000,0.000000,0.000000,0.000000,0.000000,0.000000,-1000000000.000000,min_followers
34,DrLuckyTran,False,0.000,0.000,0,0.0000,0.000000,0.000000,0.000000,0.000000,0.000000,0.000000,0.000000,0.000000,-1000000000.000000,min_followers
35,DoctorVive,False,0.000,0.000,0,0.0000,0.000000,0.000000,0.000000,0.000000,0.000000,0.000000,0.000000,0.000000,-1000000000.000000,min_followers
36,DrSanjayGupta,False,0.000,0.000,0,0.0000,0.000000,0.000000,0.000000,0.000000,0.000000,0.000000,0.000000,0.000000,-1000000000.000000,min_tweets
37,Atul_Gawande,False,0.000,0.000,0,0.0000,0.000000,0.000000,0.000000,0.000000,0.000000,0.000000,0.000000,0.000000,-1000000000.000000,min_tweets
38,DrPaulOffit,False,0.000,0.000,0,0.0000,0.000000,0.000000,0.000000,0.000000,0.000000,0.000000,0.000000,0.000000,-1000000000.000000,min_followers
39,OurWorldInData,False,5414.500,0.000,13,1.0000,0.000000,0.000000,0.000000,0.000000,0.000000,0.000000,0.000000,0.000000,-1000000000.000000,min_median_views
40,Nature,False,8321.000,0.000,2,1.0000,0.000000,0.000000,0.000000,0.000000,0.000000,0.000000,0.000000,0.000000,-1000000000.000000,min_median_views
41,NEJM,False,7232.000,0.000,3,0.9500,0.000000,0.000000,0.000000,0.000000,0.000000,0.000000,0.000000,0.000000,-1000000000.000000,min_median_views
42,TheLancet,False,5608.500,0.000,8,0.7000,0.000000,0.000000,0.000000,0.000000,0.000000,0.000000,0.000000,0.000000,-1000000000.000000,min_median_views
43,NIH,False,11717.500,0.000,9,0.7500,0.000000,0.000000,0.000000,0.000000,0.000000,0.000000,0.000000,0.000000,-1000000000.000000,min_median_views
44,STATNews,False,1442.500,0.000,2,0.9500,0.000000,0.000000,0.000000,0.000000,0.000000,0.000000,0.000000,0.000000,-1000000000.000000,min_median_views
45,sciencemagazine,False,12712.500,0.000,3,0.8000,0.000000,0.000000,0.000000,0.000000,0.000000,0.000000,0.000000,0.000000,-1000000000.000000,min_median_views
46,MITHealth,False,0.000,0.000,0,0.0000,0.000000,0.000000,0.000000,0.000000,0.000000,0.000000,0.000000,0.000000,-1000000000.000000,min_followers
47,nutrition_facts,False,2747.500,0.000,8,1.0000,0.000000,0.000000,0.000000,0.000000,0.000000,0.000000,0.000000,0.000000,-1000000000.000000,min_median_views
48,DrAseemMalhotra,False,0.000,0.000,11,0.2000,0.000000,0.000000,0.000000,0.000000,0.000000,0.000000,0.000000,0.000000,-1000000000.000000,min_original_ratio
49,DrMarkHyman,False,8785.000,0.000,17,1.0000,0.000000,0.000000,0.000000,0.000000,0.000000,0.000000,0.000000,0.000000,-1000000000.000000,min_median_views
50,MichaelGreger,False,0.000,0.000,0,0.0000,0.000000,0.000000,0.000000,0.000000,0.000000,0.000000,0.000000,0.000000,-1000000000.000000,min_followers
51,RhondaPatrick,False,0.000,0.000,0,0.0000,0.000000,0.000000,0.000000,0.000000,0.000000,0.000000,0.000000,0.000000,-1000000000.000000,min_followers
52,DrRupy,False,0.000,0.000,0,0.0000,0.000000,0.000000,0.000000,0.000000,0.000000,0.000000,0.000000,0.000000,-1000000000.000000,min_followers
53,DrJasonFung,False,11576.000,0.000,14,0.8500,0.000000,0.000000,0.000000,0.000000,0.000000,0.000000,0.000000,0.000000,-1000000000.000000,min_median_views
54,DrCateShanahan,False,0.000,0.000,0,0.0000,0.000000,0.000000,0.000000,0.000000,0.000000,0.000000,0.000000,0.000000,-1000000000.000000,min_followers
55,GAVI,False,660.000,0.000,4,0.6500,0.000000,0.000000,0.000000,0.000000,0.000000,0.000000,0.000000,0.000000,-1000000000.000000,min_median_views
56,UNICEF,False,6964.500,0.000,10,0.6000,0.000000,0.000000,0.000000,0.000000,0.000000,0.000000,0.000000,0.000000,-1000000000.000000,min_median_views
57,WorldBankHealth,False,0.000,0.000,0,0.0000,0.000000,0.000000,0.000000,0.000000,0.000000,0.000000,0.000000,0.000000,-1000000000.000000,min_followers
58,WHO_Europe,False,556.000,0.000,5,0.4000,0.000000,0.000000,0.000000,0.000000,0.000000,0.000000,0.000000,0.000000,-1000000000.000000,min_median_views
59,healthpolicywonk,False,0.000,0.000,0,0.0000,0.000000,0.000000,0.000000,0.000000,0.000000,0.000000,0.000000,0.000000,-1000000000.000000,min_followers
60,KFF,False,489.500,0.000,5,0.7000,0.000000,0.000000,0.000000,0.000000,0.000000,0.000000,0.000000,0.000000,-1000000000.000000,min_median_views
61,CommonwealthFnd,False,0.000,0.000,0,0.0000,0.000000,0.000000,0.000000,0.000000,0.000000,0.000000,0.000000,0.000000,-1000000000.000000,min_followers
62,IHME_UW,False,0.000,0.000,0,0.0000,0.000000,0.000000,0.000000,0.000000,0.000000,0.000000,0.000000,0.000000,-1000000000.000000,min_followers
63,globalhlthtwit,False,0.000,0.000,0,0.0000,0.000000,0.000000,0.000000,0.000000,0.000000,0.000000,0.000000,0.000000,-1000000000.000000,min_followers
64,PublicHealth,False,664.500,0.000,12,0.7000,0.000000,0.000000,0.000000,0.000000,0.000000,0.000000,0.000000,0.000000,-1000000000.000000,min_median_views
65,CDCDirector,False,0.000,0.000,0,0.0000,0.000000,0.000000,0.000000,0.000000,0.000000,0.000000,0.000000,0.000000,-1000000000.000000,min_tweets
66,HelenBranswell,False,8867.000,0.000,12,1.0000,0.000000,0.000000,0.000000,0.000000,0.000000,0.000000,0.000000,0.000000,-1000000000.000000,min_median_views
67,DrTedros,False,7083.000,0.000,4,0.6000,0.000000,0.000000,0.000000,0.000000,0.000000,0.000000,0.000000,0.000000,-1000000000.000000,min_median_views
68,NYTHealth,False,0.000,0.000,0,0.0000,0.000000,0.000000,0.000000,0.000000,0.000000,0.000000,0.000000,0.000000,-1000000000.000000,min_tweets
69,TheEconomist,False,18325.000,26.500,2,1.0000,0.000000,0.000000,0.000000,0.000000,0.000000,0.000000,0.000000,0.000000,-1000000000.000000,min_relevance
70,HHSGov,False,0.000,0.000,3,0.1500,0.000000,0.000000,0.000000,0.000000,0.000000,0.000000,0.000000,0.000000,-1000000000.000000,min_original_ratio
71,gatesfoundation,False,4999.000,0.000,8,1.0000,0.000000,0.000000,0.000000,0.000000,0.000000,0.000000,0.000000,0.000000,-1000000000.000000,min_median_views
72,sciam,False,0.000,0.000,0,0.0000,0.000000,0.000000,0.000000,0.000000,0.000000,0.000000,0.000000,0.000000,-1000000000.000000,min_tweets
73,kakape,False,0.000,0.000,0,0.0000,0.000000,0.000000,0.000000,0.000000,0.000000,0.000000,0.000000,0.000000,-1000000000.000000,min_tweets
74,Laurie_Garrett,False,9465.000,0.000,5,0.9000,0.000000,0.000000,0.000000,0.000000,0.000000,0.000000,0.000000,0.000000,-1000000000.000000,min_median_views
75,HarvardHealth,False,6771.000,0.000,20,1.0000,0.000000,0.000000,0.000000,0.000000,0.000000,0.000000,0.000000,0.000000,-1000000000.000000,min_median_views
76,KFFHealthNews,False,533.000,0.000,7,0.9000,0.000000,0.000000,0.000000,0.000000,0.000000,0.000000,0.000000,0.000000,-1000000000.000000,min_median_views
77,JAMA_current,False,3519.500,0.000,3,0.9000,0.000000,0.000000,0.000000,0.000000,0.000000,0.000000,0.000000,0.000000,-1000000000.000000,min_median_views
78,HarvardChanSPH,False,0.000,0.000,0,0.0000,0.000000,0.000000,0.000000,0.000000,0.000000,0.000000,0.000000,0.000000,-1000000000.000000,min_tweets
79,picardonhealth,False,1926.500,0.000,12,0.7500,0.000000,0.000000,0.000000,0.000000,0.000000,0.000000,0.000000,0.000000,-1000000000.000000,min_median_views
80,bmj_latest,False,2977.500,0.000,3,1.0000,0.000000,0.000000,0.000000,0.000000,0.000000,0.000000,0.000000,0.000000,-1000000000.000000,min_median_views
81,washingtonpost,False,27941.000,107.000,2,0.9474,0.000000,0.000000,0.000000,0.000000,0.000000,0.000000,0.000000,0.000000,-1000000000.000000,min_relevance
82,statnews,False,1443.000,0.000,2,0.9500,0.000000,0.000000,0.000000,0.000000,0.000000,0.000000,0.000000,0.000000,-1000000000.000000,min_median_views
83,CDCemergency,False,0.000,0.000,0,0.0000,0.000000,0.000000,0.000000,0.000000,0.000000,0.000000,0.000000,0.000000,-1000000000.000000,min_tweets
84,LizSzabo,False,0.000,0.000,0,0.0000,0.000000,0.000000,0.000000,0.000000,0.000000,0.000000,0.000000,0.000000,-1000000000.000000,min_followers
85,Reuters,False,16747.500,14.000,1,1.0000,0.062500,0.000000,0.000000,0.000000,0.000000,0.000000,0.000000,0.000000,-1000000000.000000,min_relevance
86,CDCFlu,False,1829.000,0.000,14,1.0000,0.000000,0.000000,0.000000,0.000000,0.000000,0.000000,0.000000,0.000000,-1000000000.000000,min_median_views
87,edyong209,False,0.000,0.000,0,0.0000,0.000000,0.000000,0.000000,0.000000,0.000000,0.000000,0.000000,0.000000,-1000000000.000000,min_tweets
88,MaxCRoser,False,0.000,0.000,0,0.0000,0.000000,0.000000,0.000000,0.000000,0.000000,0.000000,0.000000,0.000000,-1000000000.000000,min_tweets
89,AmerMedicalAssn,False,1014.000,0.000,4,0.9500,0.000000,0.000000,0.000000,0.000000,0.000000,0.000000,0.000000,0.000000,-1000000000.000000,min_median_views
90,NPRHealth,False,0.000,0.000,0,0.0000,0.000000,0.000000,0.000000,0.000000,0.000000,0.000000,0.000000,0.000000,-1000000000.000000,min_tweets
91,BBCWorld,False,64692.500,302.000,2,0.9000,0.020833,0.000000,0.000000,0.000000,0.000000,0.000000,0.000000,0.000000,-1000000000.000000,min_relevance
92,Health_Affairs,False,487.000,0.000,6,0.9500,0.000000,0.000000,0.000000,0.000000,0.000000,0.000000,0.000000,0.000000,-1000000000.000000,min_median_views
93,gavi,False,660.000,0.000,4,0.6500,0.000000,0.000000,0.000000,0.000000,0.000000,0.000000,0.000000,0.000000,-1000000000.000000,min_median_views
94,NatureMedicine,False,4517.000,0.000,7,1.0000,0.000000,0.000000,0.000000,0.000000,0.000000,0.000000,0.000000,0.000000,-1000000000.000000,min_median_views
95,MSF,False,3063.000,0.000,8,1.0000,0.000000,0.000000,0.000000,0.000000,0.000000,0.000000,0.000000,0.000000,-1000000000.000000,min_median_views
96,MayoClinic,False,3513.500,0.000,10,1.0000,0.000000,0.000000,0.000000,0.000000,0.000000,0.000000,0.000000,0.000000,-1000000000.000000,min_median_views
97,bbchealth,False,0.000,0.000,0,0.0000,0.000000,0.000000,0.000000,0.000000,0.000000,0.000000,0.000000,0.000000,-1000000000.000000,min_tweets
98,JohnsHopkinsSPH,False,1127.000,0.000,15,0.9500,0.000000,0.000000,0.000000,0.000000,0.000000,0.000000,0.000000,0.000000,-1000000000.000000,min_median_views
99,WSJhealth,False,0.000,0.000,0,0.0000,0.000000,0.000000,0.000000,0.000000,0.000000,0.000000,0.000000,0.000000,-1000000000.000000,min_tweets
100,wellcometrust,False,0.000,0.000,0,0.0000,0.000000,0.000000,0.000000,0.000000,0.000000,0.000000,0.000000,0.000000,-1000000000.000000,min_tweets
101,AP,False,73694.000,208.500,2,1.0000,0.000000,0.000000,0.000000,0.000000,0.000000,0.000000,0.000000,0.000000,-1000000000.000000,min_relevance
102,doctorsoumya,False,0.000,0.000,2,0.3000,0.000000,0.000000,0.000000,0.000000,0.000000,0.000000,0.000000,0.000000,-1000000000.000000,min_original_ratio
103,JeremyFarrar,False,0.000,0.000,0,0.0000,0.000000,0.000000,0.000000,0.000000,0.000000,0.000000,0.000000,0.000000,-1000000000.000000,min_followers
104,drsanjaygupta,False,0.000,0.000,0,0.0000,0.000000,0.000000,0.000000,0.000000,0.000000,0.000000,0.000000,0.000000,-1000000000.000000,min_tweets
105,ivanoransky,False,0.000,0.000,0,0.0000,0.000000,0.000000,0.000000,0.000000,0.000000,0.000000,0.000000,0.000000,-1000000000.000000,min_followers
106,GretaThunberg,False,0.000,0.000,0,0.0000,0.000000,0.000000,0.000000,0.000000,0.000000,0.000000,0.000000,0.000000,-1000000000.000000,min_tweets
107,CDC_eHealth,False,0.000,0.000,0,0.0000,0.000000,0.000000,0.000000,0.000000,0.000000,0.000000,0.000000,0.000000,-1000000000.000000,min_tweets
108,richardhorton1,False,0.000,0.000,0,0.0000,0.000000,0.000000,0.000000,0.000000,0.000000,0.000000,0.000000,0.000000,-1000000000.000000,min_followers
109,DrJBhattacharya,False,0.000,0.000,5,0.0500,0.000000,0.000000,0.000000,0.000000,0.000000,0.000000,0.000000,0.000000,-1000000000.000000,min_original_ratio
110,NateSilver538,False,131607.000,274.000,7,0.8000,0.000000,0.000000,0.000000,0.000000,0.000000,0.000000,0.000000,0.000000,-1000000000.000000,min_relevance
111,TIMEHealth,False,0.000,0.000,0,0.0000,0.000000,0.000000,0.000000,0.000000,0.000000,0.000000,0.000000,0.000000,-1000000000.000000,min_tweets
112,Surgeon_General,False,0.000,0.000,0,0.0000,0.000000,0.000000,0.000000,0.000000,0.000000,0.000000,0.000000,0.000000,-1000000000.000000,min_tweets
113,Reuters_Health,False,377.000,0.000,6,1.0000,0.000000,0.000000,0.000000,0.000000,0.000000,0.000000,0.000000,0.000000,-1000000000.000000,min_median_views
114,CNN,False,106454.000,720.500,4,1.0000,0.062500,0.000000,0.000000,0.000000,0.000000,0.000000,0.000000,0.000000,-1000000000.000000,min_relevance
115,bmj_company,False,0.000,0.000,0,0.0000,0.000000,0.000000,0.000000,0.000000,0.000000,0.000000,0.000000,0.000000,-1000000000.000000,min_followers
116,wef,False,6258.000,0.000,1,0.9500,0.000000,0.000000,0.000000,0.000000,0.000000,0.000000,0.000000,0.000000,-1000000000.000000,min_median_views
117,hmkyale,False,0.000,0.000,0,0.0000,0.000000,0.000000,0.000000,0.000000,0.000000,0.000000,0.000000,0.000000,-1000000000.000000,min_followers
118,NPR,False,0.000,0.000,0,0.0000,0.000000,0.000000,0.000000,0.000000,0.000000,0.000000,0.000000,0.000000,-1000000000.000000,min_tweets
119,michaelmina_lab,False,0.000,0.000,0,0.0000,0.000000,0.000000,0.000000,0.000000,0.000000,0.000000,0.000000,0.000000,-1000000000.000000,min_tweets
120,BarackObama,False,35798733.000,341164.500,12,1.0000,0.000000,0.000000,0.000000,0.000000,0.000000,0.000000,0.000000,0.000000,-1000000000.000000,min_relevance
121,scotthensley,False,0.000,0.000,0,0.0000,0.000000,0.000000,0.000000,0.000000,0.000000,0.000000,0.000000,0.000000,-1000000000.000000,min_followers
122,CDCMMWR,False,0.000,0.000,0,0.0000,0.000000,0.000000,0.000000,0.000000,0.000000,0.000000,0.000000,0.000000,-1000000000.000000,min_followers
123,meganranney,False,0.000,0.000,0,0.0000,0.000000,0.000000,0.000000,0.000000,0.000000,0.000000,0.000000,0.000000,-1000000000.000000,min_followers
124,celinegounder,False,2218.500,0.000,10,1.0000,0.000000,0.000000,0.000000,0.000000,0.000000,0.000000,0.000000,0.000000,-1000000000.000000,min_median_views
125,ddiamond,False,13912.500,0.000,5,0.4500,0.000000,0.000000,0.000000,0.000000,0.000000,0.000000,0.000000,0.000000,-1000000000.000000,min_median_views
126,DrSethBerkley,False,0.000,0.000,0,0.0000,0.000000,0.000000,0.000000,0.000000,0.000000,0.000000,0.000000,0.000000,-1000000000.000000,min_followers
127,jburnmurdoch,False,0.000,0.000,6,0.0000,0.000000,0.000000,0.000000,0.000000,0.000000,0.000000,0.000000,0.000000,-1000000000.000000,min_original_ratio
128,trvrb,False,0.000,0.000,0,0.0000,0.000000,0.000000,0.000000,0.000000,0.000000,0.000000,0.000000,0.000000,-1000000000.000000,min_tweets
129,RedCross,False,2262.500,0.000,10,0.9000,0.000000,0.000000,0.000000,0.000000,0.000000,0.000000,0.000000,0.000000,-1000000000.000000,min_median_views
130,CDCGlobal,False,536.000,0.000,19,0.9000,0.000000,0.000000,0.000000,0.000000,0.000000,0.000000,0.000000,0.000000,-1000000000.000000,min_median_views
131,DrRichBesser,False,0.000,0.000,0,0.0000,0.000000,0.000000,0.000000,0.000000,0.000000,0.000000,0.000000,0.000000,-1000000000.000000,min_followers
132,melindagates,False,0.000,0.000,0,0.0000,0.000000,0.000000,0.000000,0.000000,0.000000,0.000000,0.000000,0.000000,-1000000000.000000,min_tweets
133,ChelseaClinton,False,0.000,0.000,0,0.0000,0.000000,0.000000,0.000000,0.000000,0.000000,0.000000,0.000000,0.000000,-1000000000.000000,min_tweets
134,UNESCO,False,3698.000,0.000,8,0.8500,0.000000,0.000000,0.000000,0.000000,0.000000,0.000000,0.000000,0.000000,-1000000000.000000,min_median_views
135,ScienceMagazine,False,12727.000,0.000,3,0.8000,0.000000,0.000000,0.000000,0.000000,0.000000,0.000000,0.000000,0.000000,-1000000000.000000,min_median_views
136,elonmusk,False,641292.000,12183.000,2,0.4211,0.000000,0.000000,0.000000,0.000000,0.000000,0.000000,0.000000,0.000000,-1000000000.000000,min_relevance
137,bariweiss,False,141672.000,2367.000,11,0.4737,0.020833,0.000000,0.000000,0.000000,0.000000,0.000000,0.000000,0.000000,-1000000000.000000,min_relevance
138,drmarkhyman,False,8785.500,0.000,17,1.0000,0.000000,0.000000,0.000000,0.000000,0.000000,0.000000,0.000000,0.000000,-1000000000.000000,min_median_views
139,taraparkerpope,False,0.000,0.000,0,0.0000,0.000000,0.000000,0.000000,0.000000,0.000000,0.000000,0.000000,0.000000,-1000000000.000000,min_followers
140,sarahkliff,False,0.000,0.000,0,0.0000,0.000000,0.000000,0.000000,0.000000,0.000000,0.000000,0.000000,0.000000,-1000000000.000000,min_tweets
141,CDC_Cancer,False,378.500,0.000,15,1.0000,0.000000,0.000000,0.000000,0.000000,0.000000,0.000000,0.000000,0.000000,-1000000000.000000,min_median_views
142,USATODAYhealth,False,377.000,0.000,16,1.0000,0.000000,0.000000,0.000000,0.000000,0.000000,0.000000,0.000000,0.000000,-1000000000.000000,min_median_views
143,ezraklein,False,0.000,0.000,0,0.0000,0.000000,0.000000,0.000000,0.000000,0.000000,0.000000,0.000000,0.000000,-1000000000.000000,min_tweets
144,sarahboseley,False,0.000,0.000,0,0.0000,0.000000,0.000000,0.000000,0.000000,0.000000,0.000000,0.000000,0.000000,-1000000000.000000,min_followers
145,medlineplus,False,0.000,0.000,0,0.0000,0.000000,0.000000,0.000000,0.000000,0.000000,0.000000,0.000000,0.000000,-1000000000.000000,min_tweets
146,NBCNewsHealth,False,559.500,0.000,10,1.0000,0.000000,0.000000,0.000000,0.000000,0.000000,0.000000,0.000000,0.000000,-1000000000.000000,min_median_views
147,HopkinsMedicine,False,1556.000,0.000,16,0.8500,0.000000,0.000000,0.000000,0.000000,0.000000,0.000000,0.000000,0.000000,-1000000000.000000,min_median_views
148,carlzimmer,False,0.000,0.000,0,0.0000,0.000000,0.000000,0.000000,0.000000,0.000000,0.000000,0.000000,0.000000,-1000000000.000000,min_tweets
149,matthewherper,False,12198.500,0.000,10,0.4000,0.000000,0.000000,0.000000,0.000000,0.000000,0.000000,0.000000,0.000000,-1000000000.000000,min_median_views
150,American_Heart,False,1060.000,0.000,11,1.0000,0.000000,0.000000,0.000000,0.000000,0.000000,0.000000,0.000000,0.000000,-1000000000.000000,min_median_views
151,Chikwe_I,False,1478.000,0.000,8,0.6500,0.000000,0.000000,0.000000,0.000000,0.000000,0.000000,0.000000,0.000000,-1000000000.000000,min_median_views
152,charlesornstein,False,0.000,0.000,0,0.0000,0.000000,0.000000,0.000000,0.000000,0.000000,0.000000,0.000000,0.000000,-1000000000.000000,min_followers
153,zeynep,False,0.000,0.000,0,0.0000,0.000000,0.000000,0.000000,0.000000,0.000000,0.000000,0.000000,0.000000,-1000000000.000000,min_tweets
154,larrybrilliant,False,0.000,0.000,0,0.0000,0.000000,0.000000,0.000000,0.000000,0.000000,0.000000,0.000000,0.000000,-1000000000.000000,min_followers
155,Craig_A_Spencer,False,0.000,0.000,0,0.0000,0.000000,0.000000,0.000000,0.000000,0.000000,0.000000,0.000000,0.000000,-1000000000.000000,min_tweets
156,mlipsitch,False,0.000,0.000,0,0.0000,0.000000,0.000000,0.000000,0.000000,0.000000,0.000000,0.000000,0.000000,-1000000000.000000,min_tweets
157,glassmanamanda,False,0.000,0.000,0,0.0000,0.000000,0.000000,0.000000,0.000000,0.000000,0.000000,0.000000,0.000000,-1000000000.000000,min_followers
158,JenniferNuzzo,False,0.000,0.000,0,0.0000,0.000000,0.000000,0.000000,0.000000,0.000000,0.000000,0.000000,0.000000,-1000000000.000000,min_followers
159,NewYorker,False,11996.500,0.000,2,1.0000,0.000000,0.000000,0.000000,0.000000,0.000000,0.000000,0.000000,0.000000,-1000000000.000000,min_median_views
160,IlonaKickbusch,False,0.000,0.000,0,0.0000,0.000000,0.000000,0.000000,0.000000,0.000000,0.000000,0.000000,0.000000,-1000000000.000000,min_followers
161,martinmckee,False,0.000,0.000,0,0.0000,0.000000,0.000000,0.000000,0.000000,0.000000,0.000000,0.000000,0.000000,-1000000000.000000,min_followers
162,ASlavitt,False,0.000,0.000,0,0.0000,0.000000,0.000000,0.000000,0.000000,0.000000,0.000000,0.000000,0.000000,-1000000000.000000,min_tweets
163,bylenasun,False,0.000,0.000,0,0.0000,0.000000,0.000000,0.000000,0.000000,0.000000,0.000000,0.000000,0.000000,-1000000000.000000,min_followers
164,cmyeaton,False,7497.500,0.000,10,0.8571,0.000000,0.000000,0.000000,0.000000,0.000000,0.000000,0.000000,0.000000,-1000000000.000000,min_median_views
165,AmericanCancer,False,0.000,0.000,0,0.0000,0.000000,0.000000,0.000000,0.000000,0.000000,0.000000,0.000000,0.000000,-1000000000.000000,min_tweets
166,WebMD,False,2734.000,0.000,4,1.0000,0.000000,0.000000,0.000000,0.000000,0.000000,0.000000,0.000000,0.000000,-1000000000.000000,min_median_views
167,NIMHgov,False,0.000,0.000,0,0.0000,0.000000,0.000000,0.000000,0.000000,0.000000,0.000000,0.000000,0.000000,-1000000000.000000,min_tweets
168,NASEM_Health,False,0.000,0.000,0,0.0000,0.000000,0.000000,0.000000,0.000000,0.000000,0.000000,0.000000,0.000000,-1000000000.000000,min_followers
169,womenshealth,False,555.500,0.000,16,0.8889,0.000000,0.000000,0.000000,0.000000,0.000000,0.000000,0.000000,0.000000,-1000000000.000000,min_median_views
170,unicefchief,False,1972.500,0.000,9,0.8000,0.000000,0.000000,0.000000,0.000000,0.000000,0.000000,0.000000,0.000000,-1000000000.000000,min_median_views
171,WHOWPRO,False,1718.500,0.000,10,0.7000,0.000000,0.000000,0.000000,0.000000,0.000000,0.000000,0.000000,0.000000,-1000000000.000000,min_median_views
172,WHOAFRO,False,1231.000,0.000,4,0.7000,0.000000,0.000000,0.000000,0.000000,0.000000,0.000000,0.000000,0.000000,-1000000000.000000,min_median_views
173,pahowho,False,274.000,0.000,14,0.9000,0.000000,0.000000,0.000000,0.000000,0.000000,0.000000,0.000000,0.000000,-1000000000.000000,min_median_views
174,antonioguterres,False,69235.000,1748.500,10,1.0000,0.000000,0.000000,0.000000,0.000000,0.000000,0.000000,0.000000,0.000000,-1000000000.000000,min_relevance
175,MarionKoopmans,False,0.000,0.000,0,0.0000,0.000000,0.000000,0.000000,0.000000,0.000000,0.000000,0.000000,0.000000,-1000000000.000000,min_followers
176,UKHSA,False,3877.000,0.000,7,1.0000,0.000000,0.000000,0.000000,0.000000,0.000000,0.000000,0.000000,0.000000,-1000000000.000000,min_median_views
177,Dr2NisreenAlwan,False,0.000,0.000,0,0.0000,0.000000,0.000000,0.000000,0.000000,0.000000,0.000000,0.000000,0.000000,-1000000000.000000,min_followers
178,MoetiTshidi,False,0.000,0.000,0,0.0000,0.000000,0.000000,0.000000,0.000000,0.000000,0.000000,0.000000,0.000000,-1000000000.000000,min_followers
179,BillNye,False,0.000,0.000,0,0.0000,0.000000,0.000000,0.000000,0.000000,0.000000,0.000000,0.000000,0.000000,-1000000000.000000,min_tweets
180,RichardDawkins,False,121871.000,2285.000,7,1.0000,0.041667,0.000000,0.000000,0.000000,0.000000,0.000000,0.000000,0.000000,-1000000000.000000,min_relevance
181,amymaxmen,False,0.000,0.000,0,0.0000,0.000000,0.000000,0.000000,0.000000,0.000000,0.000000,0.000000,0.000000,-1000000000.000000,min_followers
182,unfoundation,False,727.500,0.000,17,0.7000,0.000000,0.000000,0.000000,0.000000,0.000000,0.000000,0.000000,0.000000,-1000000000.000000,min_median_views
183,CEPIvaccines,False,0.000,0.000,0,0.0000,0.000000,0.000000,0.000000,0.000000,0.000000,0.000000,0.000000,0.000000,-1000000000.000000,min_followers
184,GlobalFund,False,823.000,0.000,6,0.7368,0.000000,0.000000,0.000000,0.000000,0.000000,0.000000,0.000000,0.000000,-1000000000.000000,min_median_views
185,WorldBank,False,3294.000,0.000,5,1.0000,0.000000,0.000000,0.000000,0.000000,0.000000,0.000000,0.000000,0.000000,-1000000000.000000,min_median_views
186,HelenClarkNZ,False,0.000,0.000,1,0.0500,0.000000,0.000000,0.000000,0.000000,0.000000,0.000000,0.000000,0.000000,-1000000000.000000,min_original_ratio
187,UNEP,False,4100.000,0.000,6,0.8000,0.000000,0.000000,0.000000,0.000000,0.000000,0.000000,0.000000,0.000000,-1000000000.000000,min_median_views
188,NaturePortfolio,False,11331.000,0.000,17,0.9000,0.000000,0.000000,0.000000,0.000000,0.000000,0.000000,0.000000,0.000000,-1000000000.000000,min_median_views
189,PLOSMedicine,False,0.000,0.000,0,0.0000,0.000000,0.000000,0.000000,0.000000,0.000000,0.000000,0.000000,0.000000,-1000000000.000000,min_followers
190,UN_Women,False,6935.000,0.000,13,0.7000,0.000000,0.000000,0.000000,0.000000,0.000000,0.000000,0.000000,0.000000,-1000000000.000000,min_median_views
191,PeterASinger,False,0.000,0.000,0,0.0000,0.000000,0.000000,0.000000,0.000000,0.000000,0.000000,0.000000,0.000000,-1000000000.000000,min_followers
192,PMNCH,False,0.000,0.000,0,0.0000,0.000000,0.000000,0.000000,0.000000,0.000000,0.000000,0.000000,0.000000,-1000000000.000000,min_followers
193,sapinker,False,15405.000,58.000,3,0.5500,0.020833,0.000000,0.000000,0.000000,0.000000,0.000000,0.000000,0.000000,-1000000000.000000,min_relevance
194,jack,False,0.000,0.000,6,0.2500,0.000000,0.000000,0.000000,0.000000,0.000000,0.000000,0.000000,0.000000,-1000000000.000000,min_original_ratio
195,Medium,False,0.000,0.000,0,0.0000,0.000000,0.000000,0.000000,0.000000,0.000000,0.000000,0.000000,0.000000,-1000000000.000000,min_tweets
196,RealDoctorMike,False,0.000,0.000,0,0.0000,0.000000,0.000000,0.000000,0.000000,0.000000,0.000000,0.000000,0.000000,-1000000000.000000,min_tweets
197,nytimeswell,False,0.000,0.000,0,0.0000,0.000000,0.000000,0.000000,0.000000,0.000000,0.000000,0.000000,0.000000,-1000000000.000000,min_tweets
198,maggieNYT,False,0.000,0.000,0,0.0000,0.000000,0.000000,0.000000,0.000000,0.000000,0.000000,0.000000,0.000000,-1000000000.000000,min_tweets
199,HealthCareGov,False,592.500,0.000,19,1.0000,0.000000,0.000000,0.000000,0.000000,0.000000,0.000000,0.000000,0.000000,-1000000000.000000,min_median_views
200,gateshealth,False,0.000,0.000,0,0.0000,0.000000,0.000000,0.000000,0.000000,0.000000,0.000000,0.000000,0.000000,-1000000000.000000,min_followers
201,Medscape,False,854.000,0.000,3,1.0000,0.000000,0.000000,0.000000,0.000000,0.000000,0.000000,0.000000,0.000000,-1000000000.000000,min_median_views
202,HHS_ASH,False,0.000,0.000,0,0.0000,0.000000,0.000000,0.000000,0.000000,0.000000,0.000000,0.000000,0.000000,-1000000000.000000,min_followers
203,CBSNews,False,15765.500,114.500,2,0.9000,0.000000,0.000000,0.000000,0.000000,0.000000,0.000000,0.000000,0.000000,-1000000000.000000,min_relevance
204,CitizenCohn,False,0.000,0.000,0,0.0000,0.000000,0.000000,0.000000,0.000000,0.000000,0.000000,0.000000,0.000000,-1000000000.000000,min_followers
205,newscientist,False,4839.000,0.000,2,1.0000,0.000000,0.000000,0.000000,0.000000,0.000000,0.000000,0.000000,0.000000,-1000000000.000000,min_median_views
206,CBSHealth,False,0.000,0.000,0,0.0000,0.000000,0.000000,0.000000,0.000000,0.000000,0.000000,0.000000,0.000000,-1000000000.000000,min_tweets
207,RWalensky,False,0.000,0.000,0,0.0000,0.000000,0.000000,0.000000,0.000000,0.000000,0.000000,0.000000,0.000000,-1000000000.000000,min_followers
208,kevinmd,False,302.500,0.000,3,1.0000,0.000000,0.000000,0.000000,0.000000,0.000000,0.000000,0.000000,0.000000,-1000000000.000000,min_median_views
209,BBCBreaking,False,208176.500,978.000,5,1.0000,0.041667,0.000000,0.000000,0.000000,0.000000,0.000000,0.000000,0.000000,-1000000000.000000,min_relevance
210,AmerAcadPeds,False,0.000,0.000,0,0.0000,0.000000,0.000000,0.000000,0.000000,0.000000,0.000000,0.000000,0.000000,-1000000000.000000,min_tweets
211,afrakt,False,0.000,0.000,0,0.0000,0.000000,0.000000,0.000000,0.000000,0.000000,0.000000,0.000000,0.000000,-1000000000.000000,min_followers
212,sethmnookin,False,0.000,0.000,0,0.0000,0.000000,0.000000,0.000000,0.000000,0.000000,0.000000,0.000000,0.000000,-1000000000.000000,min_followers
213,Bob_Wachter,False,12812.000,0.000,12,0.8462,0.000000,0.000000,0.000000,0.000000,0.000000,0.000000,0.000000,0.000000,-1000000000.000000,min_median_views
214,theNCI,False,0.000,0.000,0,0.0000,0.000000,0.000000,0.000000,0.000000,0.000000,0.000000,0.000000,0.000000,-1000000000.000000,min_tweets
215,BillHanage,False,0.000,0.000,0,0.0000,0.000000,0.000000,0.000000,0.000000,0.000000,0.000000,0.000000,0.000000,-1000000000.000000,min_followers
216,sciencecohen,False,0.000,0.000,0,0.0000,0.000000,0.000000,0.000000,0.000000,0.000000,0.000000,0.000000,0.000000,-1000000000.000000,min_followers
217,Pontifex,False,174797.500,7519.000,11,1.0000,0.000000,0.000000,0.000000,0.000000,0.000000,0.000000,0.000000,0.000000,-1000000000.000000,min_relevance
218,larry_levitt,False,0.000,0.000,0,0.0000,0.000000,0.000000,0.000000,0.000000,0.000000,0.000000,0.000000,0.000000,-1000000000.000000,min_followers
219,florian_krammer,False,7269.000,0.000,5,0.5500,0.000000,0.000000,0.000000,0.000000,0.000000,0.000000,0.000000,0.000000,-1000000000.000000,min_median_views
220,linseymarr,False,0.000,0.000,0,0.0000,0.000000,0.000000,0.000000,0.000000,0.000000,0.000000,0.000000,0.000000,-1000000000.000000,min_followers
221,uche_blackstock,False,0.000,0.000,6,0.2000,0.000000,0.000000,0.000000,0.000000,0.000000,0.000000,0.000000,0.000000,-1000000000.000000,min_original_ratio
222,DLeonhardt,False,0.000,0.000,0,0.0000,0.000000,0.000000,0.000000,0.000000,0.000000,0.000000,0.000000,0.000000,-1000000000.000000,min_tweets
223,jeremyfaust,False,0.000,0.000,0,0.0000,0.000000,0.000000,0.000000,0.000000,0.000000,0.000000,0.000000,0.000000,-1000000000.000000,min_followers
224,daniel_kraft,False,0.000,0.000,0,0.0000,0.000000,0.000000,0.000000,0.000000,0.000000,0.000000,0.000000,0.000000,-1000000000.000000,min_followers
225,chrischirp,False,0.000,0.000,0,0.0000,0.000000,0.000000,0.000000,0.000000,0.000000,0.000000,0.000000,0.000000,-1000000000.000000,min_tweets
226,j_g_allen,False,0.000,0.000,0,0.0000,0.000000,0.000000,0.000000,0.000000,0.000000,0.000000,0.000000,0.000000,-1000000000.000000,min_followers
227,adamjkucharski,False,4284.500,0.000,15,1.0000,0.000000,0.000000,0.000000,0.000000,0.000000,0.000000,0.000000,0.000000,-1000000000.000000,min_median_views
228,AbraarKaran,False,0.000,0.000,0,0.0000,0.000000,0.000000,0.000000,0.000000,0.000000,0.000000,0.000000,0.000000,-1000000000.000000,min_followers
229,CarlosdelRio7,False,0.000,0.000,0,0.0000,0.000000,0.000000,0.000000,0.000000,0.000000,0.000000,0.000000,0.000000,-1000000000.000000,min_followers
230,SecKennedy,False,0.000,0.000,5,0.2000,0.000000,0.000000,0.000000,0.000000,0.000000,0.000000,0.000000,0.000000,-1000000000.000000,min_original_ratio
231,apoorva_nyc,False,0.000,0.000,0,0.0000,0.000000,0.000000,0.000000,0.000000,0.000000,0.000000,0.000000,0.000000,-1000000000.000000,min_followers
232,ADM_Christine,False,2112.000,0.000,10,0.6500,0.000000,0.000000,0.000000,0.000000,0.000000,0.000000,0.000000,0.000000,-1000000000.000000,min_median_views
233,USForeignAssist,False,0.000,0.000,7,0.3000,0.000000,0.000000,0.000000,0.000000,0.000000,0.000000,0.000000,0.000000,-1000000000.000000,min_original_ratio
234,NPHW,False,0.000,0.000,0,0.0000,0.000000,0.000000,0.000000,0.000000,0.000000,0.000000,0.000000,0.000000,-1000000000.000000,min_followers
235,HIVGov,False,622.500,0.000,11,0.7500,0.000000,0.000000,0.000000,0.000000,0.000000,0.000000,0.000000,0.000000,-1000000000.000000,min_median_views
236,WHCOVIDRes46,False,0.000,0.000,0,0.0000,0.000000,0.000000,0.000000,0.000000,0.000000,0.000000,0.000000,0.000000,-1000000000.000000,min_tweets
237,USAID,False,0.000,0.000,0,0.0000,0.000000,0.000000,0.000000,0.000000,0.000000,0.000000,0.000000,0.000000,-1000000000.000000,min_tweets
238,MensHealthMag,False,5406.000,0.000,2,1.0000,0.000000,0.000000,0.000000,0.000000,0.000000,0.000000,0.000000,0.000000,-1000000000.000000,min_median_views
239,mehdirhasan,False,0.000,0.000,1,0.2000,0.000000,0.000000,0.000000,0.000000,0.000000,0.000000,0.000000,0.000000,-1000000000.000000,min_original_ratio
240,Winnie_Byanyima,False,18171.000,305.500,2,0.5500,0.020833,0.000000,0.000000,0.000000,0.000000,0.000000,0.000000,0.000000,-1000000000.000000,min_relevance
241,DrMikeRyan,False,0.000,0.000,0,0.0000,0.000000,0.000000,0.000000,0.000000,0.000000,0.000000,0.000000,0.000000,-1000000000.000000,min_followers
242,ONECampaign,False,645.000,0.000,19,0.9500,0.000000,0.000000,0.000000,0.000000,0.000000,0.000000,0.000000,0.000000,-1000000000.000000,min_median_views
243,GHS,False,0.000,0.000,0,0.0000,0.000000,0.000000,0.000000,0.000000,0.000000,0.000000,0.000000,0.000000,-1000000000.000000,min_followers
244,MikeBloomberg,False,15202.500,184.500,15,1.0000,0.020833,0.000000,0.000000,0.000000,0.000000,0.000000,0.000000,0.000000,-1000000000.000000,min_relevance
245,ghn_news,False,0.000,0.000,0,0.0000,0.000000,0.000000,0.000000,0.000000,0.000000,0.000000,0.000000,0.000000,-1000000000.000000,min_followers
246,neiltyson,False,265223.000,2591.500,9,1.0000,0.020833,0.000000,0.000000,0.000000,0.000000,0.000000,0.000000,0.000000,-1000000000.000000,min_relevance
247,T_Inglesby,False,0.000,0.000,0,0.0000,0.000000,0.000000,0.000000,0.000000,0.000000,0.000000,0.000000,0.000000,-1000000000.000000,min_followers
248,techreview,False,3361.500,0.000,7,1.0000,0.000000,0.000000,0.000000,0.000000,0.000000,0.000000,0.000000,0.000000,-1000000000.000000,min_median_views
249,ncdalliance,False,0.000,0.000,0,0.0000,0.000000,0.000000,0.000000,0.000000,0.000000,0.000000,0.000000,0.000000,-1000000000.000000,min_followers
250,kaitlancollins,False,189568.500,1438.000,5,0.8500,0.000000,0.000000,0.000000,0.000000,0.000000,0.000000,0.000000,0.000000,-1000000000.000000,min_relevance
251,hans_kluge,False,0.000,0.000,0,0.0000,0.000000,0.000000,0.000000,0.000000,0.000000,0.000000,0.000000,0.000000,-1000000000.000000,min_followers
252,NPRGoatsandSoda,False,0.000,0.000,0,0.0000,0.000000,0.000000,0.000000,0.000000,0.000000,0.000000,0.000000,0.000000,-1000000000.000000,min_followers
253,UNFCCC,False,4745.000,0.000,18,0.8500,0.000000,0.000000,0.000000,0.000000,0.000000,0.000000,0.000000,0.000000,-1000000000.000000,min_median_views
254,TheOnion,False,62497.500,389.000,3,1.0000,0.000000,0.000000,0.000000,0.000000,0.000000,0.000000,0.000000,0.000000,-1000000000.000000,min_relevance
255,POTUS46Archive,False,0.000,0.000,0,0.0000,0.000000,0.000000,0.000000,0.000000,0.000000,0.000000,0.000000,0.000000,-1000000000.000000,min_tweets
256,marionnestle,False,0.000,0.000,10,0.3750,0.000000,0.000000,0.000000,0.000000,0.000000,0.000000,0.000000,0.000000,-1000000000.000000,min_original_ratio
257,PLOS,False,0.000,0.000,0,0.0000,0.000000,0.000000,0.000000,0.000000,0.000000,0.000000,0.000000,0.000000,-1000000000.000000,min_tweets
258,bengoldacre,False,0.000,0.000,0,0.0000,0.000000,0.000000,0.000000,0.000000,0.000000,0.000000,0.000000,0.000000,-1000000000.000000,min_tweets
259,profvrr,False,1158.500,0.000,17,1.0000,0.000000,0.000000,0.000000,0.000000,0.000000,0.000000,0.000000,0.000000,-1000000000.000000,min_median_views
260,PNASNews,False,1729.500,0.000,5,0.9500,0.000000,0.000000,0.000000,0.000000,0.000000,0.000000,0.000000,0.000000,-1000000000.000000,min_median_views
261,ScienceNews,False,5231.500,0.000,2,1.0000,0.000000,0.000000,0.000000,0.000000,0.000000,0.000000,0.000000,0.000000,-1000000000.000000,min_median_views
262,TEDTalks,False,0.000,0.000,0,0.0000,0.000000,0.000000,0.000000,0.000000,0.000000,0.000000,0.000000,0.000000,-1000000000.000000,min_tweets
263,UNDP,False,1871.000,0.000,2,0.4000,0.000000,0.000000,0.000000,0.000000,0.000000,0.000000,0.000000,0.000000,-1000000000.000000,min_median_views
264,UNAIDS,False,1734.000,0.000,14,0.5500,0.000000,0.000000,0.000000,0.000000,0.000000,0.000000,0.000000,0.000000,-1000000000.000000,min_median_views
265,Refugees,False,4619.000,0.000,8,0.6000,0.000000,0.000000,0.000000,0.000000,0.000000,0.000000,0.000000,0.000000,-1000000000.000000,min_median_views
266,WFP,False,2514.000,0.000,7,0.6000,0.000000,0.000000,0.000000,0.000000,0.000000,0.000000,0.000000,0.000000,-1000000000.000000,min_median_views
267,WorldHealthSmt,False,0.000,0.000,0,0.0000,0.000000,0.000000,0.000000,0.000000,0.000000,0.000000,0.000000,0.000000,-1000000000.000000,min_followers
268,DrMariaNeira,False,0.000,0.000,0,0.0000,0.000000,0.000000,0.000000,0.000000,0.000000,0.000000,0.000000,0.000000,-1000000000.000000,min_followers
269,UNHumanRights,False,11523.000,0.000,6,0.6500,0.000000,0.000000,0.000000,0.000000,0.000000,0.000000,0.000000,0.000000,-1000000000.000000,min_median_views
270,TIME,False,16486.500,54.000,3,1.0000,0.020833,0.000000,0.000000,0.000000,0.000000,0.000000,0.000000,0.000000,-1000000000.000000,min_relevance
271,UNOCHA,False,0.000,0.000,3,0.3000,0.000000,0.000000,0.000000,0.000000,0.000000,0.000000,0.000000,0.000000,-1000000000.000000,min_original_ratio
272,BBCNews,False,29885.000,103.500,1,0.9000,0.041667,0.000000,0.000000,0.000000,0.000000,0.000000,0.000000,0.000000,-1000000000.000000,min_relevance
273,UNGeneva,False,3589.000,0.000,3,0.8500,0.000000,0.000000,0.000000,0.000000,0.000000,0.000000,0.000000,0.000000,-1000000000.000000,min_median_views
274,SueDHellmann,False,0.000,0.000,0,0.0000,0.000000,0.000000,0.000000,0.000000,0.000000,0.000000,0.000000,0.000000,-1000000000.000000,min_followers
275,KevinH_PhD,False,0.000,0.000,0,0.0000,0.000000,0.000000,0.000000,0.000000,0.000000,0.000000,0.000000,0.000000,-1000000000.000000,min_followers
276,mattwridley,False,0.000,0.000,2,0.1500,0.000000,0.000000,0.000000,0.000000,0.000000,0.000000,0.000000,0.000000,-1000000000.000000,min_original_ratio
277,benshapiro,False,234758.000,1658.000,17,0.8500,0.000000,0.000000,0.000000,0.000000,0.000000,0.000000,0.000000,0.000000,-1000000000.000000,min_relevance
278,GeorgiaEdeMD,False,0.000,0.000,0,0.0000,0.000000,0.000000,0.000000,0.000000,0.000000,0.000000,0.000000,0.000000,-1000000000.000000,min_followers
279,VPrasadMDMPH,False,0.000,0.000,0,0.0000,0.000000,0.000000,0.000000,0.000000,0.000000,0.000000,0.000000,0.000000,-1000000000.000000,min_tweets
280,MartyMakary,False,0.000,0.000,0,0.0000,0.000000,0.000000,0.000000,0.000000,0.000000,0.000000,0.000000,0.000000,-1000000000.000000,min_tweets
281,billmaher,False,120446.000,651.000,16,0.8000,0.000000,0.000000,0.000000,0.000000,0.000000,0.000000,0.000000,0.000000,-1000000000.000000,min_relevance
282,clairlemon,False,0.000,0.000,4,0.3500,0.000000,0.000000,0.000000,0.000000,0.000000,0.000000,0.000000,0.000000,-1000000000.000000,min_original_ratio
283,DominicDAgosti2,False,0.000,0.000,0,0.0000,0.000000,0.000000,0.000000,0.000000,0.000000,0.000000,0.000000,0.000000,-1000000000.000000,min_followers
284,anahadoconnor,False,0.000,0.000,0,0.0000,0.000000,0.000000,0.000000,0.000000,0.000000,0.000000,0.000000,0.000000,-1000000000.000000,min_followers
285,michaelpollan,False,4770.000,0.000,8,0.6500,0.000000,0.000000,0.000000,0.000000,0.000000,0.000000,0.000000,0.000000,-1000000000.000000,min_median_views
286,RobertKennedyJr,False,0.000,0.000,0,0.0000,0.000000,0.000000,0.000000,0.000000,0.000000,0.000000,0.000000,0.000000,-1000000000.000000,min_tweets
287,garytaubes,False,3765.000,0.000,18,0.9500,0.000000,0.000000,0.000000,0.000000,0.000000,0.000000,0.000000,0.000000,-1000000000.000000,min_median_views
288,JAMAInternalMed,False,1014.500,0.000,6,1.0000,0.000000,0.000000,0.000000,0.000000,0.000000,0.000000,0.000000,0.000000,-1000000000.000000,min_median_views
289,RobertLustigMD,False,0.000,0.000,0,0.0000,0.000000,0.000000,0.000000,0.000000,0.000000,0.000000,0.000000,0.000000,-1000000000.000000,min_followers
290,latimes,False,3827.500,0.000,2,1.0000,0.000000,0.000000,0.000000,0.000000,0.000000,0.000000,0.000000,0.000000,-1000000000.000000,min_median_views
291,NIHClinicalCntr,False,0.000,0.000,0,0.0000,0.000000,0.000000,0.000000,0.000000,0.000000,0.000000,0.000000,0.000000,-1000000000.000000,min_followers
292,THCBstaff,False,0.000,0.000,0,0.0000,0.000000,0.000000,0.000000,0.000000,0.000000,0.000000,0.000000,0.000000,-1000000000.000000,min_followers
293,NBCNews,False,21043.000,309.500,2,0.7000,0.041667,0.000000,0.000000,0.000000,0.000000,0.000000,0.000000,0.000000,-1000000000.000000,min_relevance
294,ABC,False,27162.000,90.500,2,1.0000,0.062500,0.000000,0.000000,0.000000,0.000000,0.000000,0.000000,0.000000,-1000000000.000000,min_relevance
295,cnnbrk,False,155099.500,761.500,5,1.0000,0.062500,0.000000,0.000000,0.000000,0.000000,0.000000,0.000000,0.000000,-1000000000.000000,min_relevance
296,jflier,False,0.000,0.000,0,0.0000,0.000000,0.000000,0.000000,0.000000,0.000000,0.000000,0.000000,0.000000,-1000000000.000000,min_followers
297,StanfordMed,False,4809.000,0.000,12,0.9000,0.000000,0.000000,0.000000,0.000000,0.000000,0.000000,0.000000,0.000000,-1000000000.000000,min_median_views
298,FDArecalls,False,1784.000,0.000,5,1.0000,0.000000,0.000000,0.000000,0.000000,0.000000,0.000000,0.000000,0.000000,-1000000000.000000,min_median_views
299,rocketgirlmd,False,0.000,0.000,0,0.0000,0.000000,0.000000,0.000000,0.000000,0.000000,0.000000,0.000000,0.000000,-1000000000.000000,min_followers
300,ClevelandClinic,False,3503.500,0.000,4,1.0000,0.000000,0.000000,0.000000,0.000000,0.000000,0.000000,0.000000,0.000000,-1000000000.000000,min_median_views
301,broadinstitute,False,0.000,0.000,0,0.0000,0.000000,0.000000,0.000000,0.000000,0.000000,0.000000,0.000000,0.000000,-1000000000.000000,min_followers
302,sacjai,False,0.000,0.000,0,0.0000,0.000000,0.000000,0.000000,0.000000,0.000000,0.000000,0.000000,0.000000,-1000000000.000000,min_followers
303,US_FDA,False,11458.500,0.000,11,0.5000,0.000000,0.000000,0.000000,0.000000,0.000000,0.000000,0.000000,0.000000,-1000000000.000000,min_median_views
304,LisaRosenbaum17,False,0.000,0.000,0,0.0000,0.000000,0.000000,0.000000,0.000000,0.000000,0.000000,0.000000,0.000000,-1000000000.000000,min_followers
305,ml_barnett,False,0.000,0.000,0,0.0000,0.000000,0.000000,0.000000,0.000000,0.000000,0.000000,0.000000,0.000000,-1000000000.000000,min_followers
306,CIDRAP,False,0.000,0.000,0,0.0000,0.000000,0.000000,0.000000,0.000000,0.000000,0.000000,0.000000,0.000000,-1000000000.000000,min_followers
307,NYTScience,False,0.000,0.000,0,0.0000,0.000000,0.000000,0.000000,0.000000,0.000000,0.000000,0.000000,0.000000,-1000000000.000000,min_tweets
308,medpagetoday,False,0.000,0.000,0,0.0000,0.000000,0.000000,0.000000,0.000000,0.000000,0.000000,0.000000,0.000000,-1000000000.000000,min_followers
309,CDCEnvironment,False,0.000,0.000,0,0.0000,0.000000,0.000000,0.000000,0.000000,0.000000,0.000000,0.000000,0.000000,-1000000000.000000,min_followers
310,LHSummers,False,0.000,0.000,0,0.0000,0.000000,0.000000,0.000000,0.000000,0.000000,0.000000,0.000000,0.000000,-1000000000.000000,min_tweets
311,bhrenton,False,0.000,0.000,0,0.0000,0.000000,0.000000,0.000000,0.000000,0.000000,0.000000,0.000000,0.000000,-1000000000.000000,min_followers
312,atrupar,False,0.000,0.000,2,0.3000,0.000000,0.000000,0.000000,0.000000,0.000000,0.000000,0.000000,0.000000,-1000000000.000000,min_original_ratio
313,paulg,False,244667.000,2784.000,4,0.5500,0.041667,0.000000,0.000000,0.000000,0.000000,0.000000,0.000000,0.000000,-1000000000.000000,min_relevance
314,JeremyKonyndyk,False,0.000,0.000,0,0.0000,0.000000,0.000000,0.000000,0.000000,0.000000,0.000000,0.000000,0.000000,-1000000000.000000,min_followers
315,MorrisonCSIS,False,0.000,0.000,0,0.0000,0.000000,0.000000,0.000000,0.000000,0.000000,0.000000,0.000000,0.000000,-1000000000.000000,min_followers
316,dr_kkjetelina,False,0.000,0.000,0,0.0000,0.000000,0.000000,0.000000,0.000000,0.000000,0.000000,0.000000,0.000000,-1000000000.000000,min_followers
317,tylercowen,False,0.000,0.000,5,0.1500,0.000000,0.000000,0.000000,0.000000,0.000000,0.000000,0.000000,0.000000,-1000000000.000000,min_original_ratio
318,paulmromer,False,0.000,0.000,0,0.0000,0.000000,0.000000,0.000000,0.000000,0.000000,0.000000,0.000000,0.000000,-1000000000.000000,min_followers
319,olgakhazan,False,0.000,0.000,0,0.0000,0.000000,0.000000,0.000000,0.000000,0.000000,0.000000,0.000000,0.000000,-1000000000.000000,min_followers
320,PeterASands,False,0.000,0.000,0,0.0000,0.000000,0.000000,0.000000,0.000000,0.000000,0.000000,0.000000,0.000000,-1000000000.000000,min_followers
321,julio_frenk,False,0.000,0.000,0,0.0000,0.000000,0.000000,0.000000,0.000000,0.000000,0.000000,0.000000,0.000000,-1000000000.000000,min_followers
322,rvenkayya,False,0.000,0.000,0,0.0000,0.000000,0.000000,0.000000,0.000000,0.000000,0.000000,0.000000,0.000000,-1000000000.000000,min_followers
323,LawrenceGostin,False,0.000,0.000,0,0.0000,0.000000,0.000000,0.000000,0.000000,0.000000,0.000000,0.000000,0.000000,-1000000000.000000,min_followers
324,vivek_murthy,False,0.000,0.000,0,0.0000,0.000000,0.000000,0.000000,0.000000,0.000000,0.000000,0.000000,0.000000,-1000000000.000000,min_tweets
325,Farzad_MD,False,0.000,0.000,0,0.0000,0.000000,0.000000,0.000000,0.000000,0.000000,0.000000,0.000000,0.000000,-1000000000.000000,min_followers
326,chrislhayes,False,0.000,0.000,9,0.2500,0.000000,0.000000,0.000000,0.000000,0.000000,0.000000,0.000000,0.000000,-1000000000.000000,min_original_ratio
327,rajpanjabi,False,0.000,0.000,0,0.0000,0.000000,0.000000,0.000000,0.000000,0.000000,0.000000,0.000000,0.000000,-1000000000.000000,min_followers
328,GidMK,False,0.000,0.000,0,0.0000,0.000000,0.000000,0.000000,0.000000,0.000000,0.000000,0.000000,0.000000,-1000000000.000000,min_followers
329,fgodlee,False,0.000,0.000,0,0.0000,0.000000,0.000000,0.000000,0.000000,0.000000,0.000000,0.000000,0.000000,-1000000000.000000,min_followers
330,megynkelly,False,0.000,0.000,2,0.3000,0.000000,0.000000,0.000000,0.000000,0.000000,0.000000,0.000000,0.000000,-1000000000.000000,min_original_ratio
331,DrPascalMeier,False,0.000,0.000,1,0.0000,0.000000,0.000000,0.000000,0.000000,0.000000,0.000000,0.000000,0.000000,-1000000000.000000,min_original_ratio
332,JohnsHopkins,False,1765.500,0.000,14,0.8000,0.000000,0.000000,0.000000,0.000000,0.000000,0.000000,0.000000,0.000000,-1000000000.000000,min_median_views
333,NACCHOalerts,False,0.000,0.000,0,0.0000,0.000000,0.000000,0.000000,0.000000,0.000000,0.000000,0.000000,0.000000,-1000000000.000000,min_followers
334,StateDept,False,88537.500,4061.000,3,0.5500,0.020833,0.000000,0.000000,0.000000,0.000000,0.000000,0.000000,0.000000,-1000000000.000000,min_relevance
335,fema,False,0.000,0.000,2,0.2000,0.000000,0.000000,0.000000,0.000000,0.000000,0.000000,0.000000,0.000000,-1000000000.000000,min_original_ratio
336,Support,False,0.000,0.000,0,0.0000,0.000000,0.000000,0.000000,0.000000,0.000000,0.000000,0.000000,0.000000,-1000000000.000000,min_tweets
337,AstroKatie,False,0.000,0.000,0,0.0000,0.000000,0.000000,0.000000,0.000000,0.000000,0.000000,0.000000,0.000000,-1000000000.000000,min_tweets
338,maddow,False,0.000,0.000,0,0.0000,0.000000,0.000000,0.000000,0.000000,0.000000,0.000000,0.000000,0.000000,-1000000000.000000,min_tweets
339,HansRosling,False,0.000,0.000,0,0.0000,0.000000,0.000000,0.000000,0.000000,0.000000,0.000000,0.000000,0.000000,-1000000000.000000,min_tweets
340,BhadeliaMD,False,0.000,0.000,0,0.0000,0.000000,0.000000,0.000000,0.000000,0.000000,0.000000,0.000000,0.000000,-1000000000.000000,min_followers
341,SaskiaPopescu,False,0.000,0.000,0,0.0000,0.000000,0.000000,0.000000,0.000000,0.000000,0.000000,0.000000,0.000000,-1000000000.000000,min_followers
342,joshmich,False,0.000,0.000,0,0.0000,0.000000,0.000000,0.000000,0.000000,0.000000,0.000000,0.000000,0.000000,-1000000000.000000,min_followers
343,neil_ferguson,False,0.000,0.000,0,0.0000,0.000000,0.000000,0.000000,0.000000,0.000000,0.000000,0.000000,0.000000,-1000000000.000000,min_tweets
344,unfpachief,False,1050.500,0.000,7,0.9500,0.000000,0.000000,0.000000,0.000000,0.000000,0.000000,0.000000,0.000000,-1000000000.000000,min_median_views
345,PIH,False,0.000,0.000,0,0.0000,0.000000,0.000000,0.000000,0.000000,0.000000,0.000000,0.000000,0.000000,-1000000000.000000,min_tweets
346,bethlinas,False,0.000,0.000,0,0.0000,0.000000,0.000000,0.000000,0.000000,0.000000,0.000000,0.000000,0.000000,-1000000000.000000,min_followers
347,COVID19Tracking,False,0.000,0.000,0,0.0000,0.000000,0.000000,0.000000,0.000000,0.000000,0.000000,0.000000,0.000000,-1000000000.000000,min_tweets
348,ariannahuff,False,2963.000,0.000,13,1.0000,0.000000,0.000000,0.000000,0.000000,0.000000,0.000000,0.000000,0.000000,-1000000000.000000,min_median_views
349,worldheartfed,False,0.000,0.000,0,0.0000,0.000000,0.000000,0.000000,0.000000,0.000000,0.000000,0.000000,0.000000,-1000000000.000000,min_followers
350,nighealthwatch,False,533.000,0.000,8,0.8500,0.000000,0.000000,0.000000,0.000000,0.000000,0.000000,0.000000,0.000000,-1000000000.000000,min_median_views
351,FareedZakaria,False,37992.000,300.500,9,1.0000,0.062500,0.000000,0.000000,0.000000,0.000000,0.000000,0.000000,0.000000,-1000000000.000000,min_relevance
352,nataliexdean,False,0.000,0.000,0,0.0000,0.000000,0.000000,0.000000,0.000000,0.000000,0.000000,0.000000,0.000000,-1000000000.000000,min_tweets
353,mugecevik,False,0.000,0.000,0,0.0000,0.000000,0.000000,0.000000,0.000000,0.000000,0.000000,0.000000,0.000000,-1000000000.000000,min_tweets
354,paulkrugman,False,0.000,0.000,0,0.0000,0.000000,0.000000,0.000000,0.000000,0.000000,0.000000,0.000000,0.000000,-1000000000.000000,min_tweets
355,RMinghui,False,0.000,0.000,0,0.0000,0.000000,0.000000,0.000000,0.000000,0.000000,0.000000,0.000000,0.000000,-1000000000.000000,min_followers
356,NatGeo,False,74147.000,378.500,16,0.9500,0.000000,0.000000,0.000000,0.000000,0.000000,0.000000,0.000000,0.000000,-1000000000.000000,min_relevance
357,andersoncooper,False,0.000,0.000,0,0.0000,0.000000,0.000000,0.000000,0.000000,0.000000,0.000000,0.000000,0.000000,-1000000000.000000,min_tweets
358,CUGHnews,False,0.000,0.000,0,0.0000,0.000000,0.000000,0.000000,0.000000,0.000000,0.000000,0.000000,0.000000,-1000000000.000000,min_followers
359,AshishKJha46,False,0.000,0.000,0,0.0000,0.000000,0.000000,0.000000,0.000000,0.000000,0.000000,0.000000,0.000000,-1000000000.000000,min_followers
360,StevenSternberg,False,0.000,0.000,0,0.0000,0.000000,0.000000,0.000000,0.000000,0.000000,0.000000,0.000000,0.000000,-1000000000.000000,min_followers
361,wolfblitzer,False,21365.000,232.000,11,1.0000,0.000000,0.000000,0.000000,0.000000,0.000000,0.000000,0.000000,0.000000,-1000000000.000000,min_relevance
362,marynmck,False,0.000,0.000,0,0.0000,0.000000,0.000000,0.000000,0.000000,0.000000,0.000000,0.000000,0.000000,-1000000000.000000,min_followers
363,choo_ek,False,0.000,0.000,0,0.0000,0.000000,0.000000,0.000000,0.000000,0.000000,0.000000,0.000000,0.000000,-1000000000.000000,min_tweets
364,MalariaNoMore,False,222.000,0.000,6,0.8889,0.000000,0.000000,0.000000,0.000000,0.000000,0.000000,0.000000,0.000000,-1000000000.000000,min_median_views
365,GlobalHealth,False,0.000,0.000,0,0.0000,0.000000,0.000000,0.000000,0.000000,0.000000,0.000000,0.000000,0.000000,-1000000000.000000,min_followers
366,FlaviaBustreo,False,0.000,0.000,0,0.0000,0.000000,0.000000,0.000000,0.000000,0.000000,0.000000,0.000000,0.000000,-1000000000.000000,min_followers
367,GlobalHealthOrg,False,0.000,0.000,0,0.0000,0.000000,0.000000,0.000000,0.000000,0.000000,0.000000,0.000000,0.000000,-1000000000.000000,min_followers
368,DrNancyM_CDC,False,0.000,0.000,0,0.0000,0.000000,0.000000,0.000000,0.000000,0.000000,0.000000,0.000000,0.000000,-1000000000.000000,min_followers
369,scifri,False,1244.000,0.000,9,1.0000,0.000000,0.000000,0.000000,0.000000,0.000000,0.000000,0.000000,0.000000,-1000000000.000000,min_median_views
370,trishgreenhalgh,False,0.000,0.000,0,0.0000,0.000000,0.000000,0.000000,0.000000,0.000000,0.000000,0.000000,0.000000,-1000000000.000000,min_tweets
371,drkiki,False,0.000,0.000,0,0.0000,0.000000,0.000000,0.000000,0.000000,0.000000,0.000000,0.000000,0.000000,-1000000000.000000,min_tweets
372,CT_Bergstrom,False,0.000,0.000,0,0.0000,0.000000,0.000000,0.000000,0.000000,0.000000,0.000000,0.000000,0.000000,-1000000000.000000,min_tweets
373,DrSamira_Asma,False,0.000,0.000,0,0.0000,0.000000,0.000000,0.000000,0.000000,0.000000,0.000000,0.000000,0.000000,-1000000000.000000,min_followers
374,stevesilberman,False,0.000,0.000,0,0.0000,0.000000,0.000000,0.000000,0.000000,0.000000,0.000000,0.000000,0.000000,-1000000000.000000,min_tweets
375,Theresa_Chapple,False,0.000,0.000,0,0.0000,0.000000,0.000000,0.000000,0.000000,0.000000,0.000000,0.000000,0.000000,-1000000000.000000,min_followers
376,kkariko,False,0.000,0.000,0,0.0000,0.000000,0.000000,0.000000,0.000000,0.000000,0.000000,0.000000,0.000000,-1000000000.000000,min_followers
377,NICEComms,False,1139.500,0.000,14,0.9000,0.000000,0.000000,0.000000,0.000000,0.000000,0.000000,0.000000,0.000000,-1000000000.000000,min_median_views
378,PATHtweets,False,0.000,0.000,0,0.0000,0.000000,0.000000,0.000000,0.000000,0.000000,0.000000,0.000000,0.000000,-1000000000.000000,min_followers
379,SamanthaJPower,False,0.000,0.000,0,0.0000,0.000000,0.000000,0.000000,0.000000,0.000000,0.000000,0.000000,0.000000,-1000000000.000000,min_tweets
380,gradydoctor,False,0.000,0.000,0,0.0000,0.000000,0.000000,0.000000,0.000000,0.000000,0.000000,0.000000,0.000000,-1000000000.000000,min_tweets
381,RoryStewartUK,False,0.000,0.000,4,0.3500,0.000000,0.000000,0.000000,0.000000,0.000000,0.000000,0.000000,0.000000,-1000000000.000000,min_original_ratio
382,Pontifex266Arch,False,0.000,0.000,0,0.0000,0.000000,0.000000,0.000000,0.000000,0.000000,0.000000,0.000000,0.000000,-1000000000.000000,min_tweets
383,NIH_ODS,False,0.000,0.000,0,0.0000,0.000000,0.000000,0.000000,0.000000,0.000000,0.000000,0.000000,0.000000,-1000000000.000000,min_followers
384,martinenserink,False,0.000,0.000,0,0.0000,0.000000,0.000000,0.000000,0.000000,0.000000,0.000000,0.000000,0.000000,-1000000000.000000,min_followers
385,nancyshute,False,0.000,0.000,0,0.0000,0.000000,0.000000,0.000000,0.000000,0.000000,0.000000,0.000000,0.000000,-1000000000.000000,min_followers
386,NewsfromScience,False,2071.500,0.000,3,0.9500,0.000000,0.000000,0.000000,0.000000,0.000000,0.000000,0.000000,0.000000,-1000000000.000000,min_median_views
387,bmaher,False,0.000,0.000,0,0.0000,0.000000,0.000000,0.000000,0.000000,0.000000,0.000000,0.000000,0.000000,-1000000000.000000,min_followers
388,guardianscience,False,0.000,0.000,0,0.0000,0.000000,0.000000,0.000000,0.000000,0.000000,0.000000,0.000000,0.000000,-1000000000.000000,min_tweets
389,NSF,False,0.000,0.000,0,0.0000,0.000000,0.000000,0.000000,0.000000,0.000000,0.000000,0.000000,0.000000,-1000000000.000000,min_tweets
390,gorskon,False,0.000,0.000,0,0.0000,0.000000,0.000000,0.000000,0.000000,0.000000,0.000000,0.000000,0.000000,-1000000000.000000,min_followers
391,VaccinesToday,False,0.000,0.000,0,0.0000,0.000000,0.000000,0.000000,0.000000,0.000000,0.000000,0.000000,0.000000,-1000000000.000000,min_followers
392,RANDCorporation,False,1481.500,0.000,8,0.9500,0.000000,0.000000,0.000000,0.000000,0.000000,0.000000,0.000000,0.000000,-1000000000.000000,min_median_views
393,mtosterholm,False,0.000,0.000,0,0.0000,0.000000,0.000000,0.000000,0.000000,0.000000,0.000000,0.000000,0.000000,-1000000000.000000,min_followers
394,PublicHealthUMN,False,0.000,0.000,0,0.0000,0.000000,0.000000,0.000000,0.000000,0.000000,0.000000,0.000000,0.000000,-1000000000.000000,min_followers
395,CaulfieldTim,False,0.000,0.000,0,0.0000,0.000000,0.000000,0.000000,0.000000,0.000000,0.000000,0.000000,0.000000,-1000000000.000000,min_followers
396,gabbystern,False,0.000,0.000,0,0.0000,0.000000,0.000000,0.000000,0.000000,0.000000,0.000000,0.000000,0.000000,-1000000000.000000,min_followers
397,kkelland,False,0.000,0.000,0,0.0000,0.000000,0.000000,0.000000,0.000000,0.000000,0.000000,0.000000,0.000000,-1000000000.000000,min_followers
398,WomenDeliver,False,256.000,0.000,15,1.0000,0.000000,0.000000,0.000000,0.000000,0.000000,0.000000,0.000000,0.000000,-1000000000.000000,min_median_views
399,COP26,False,0.000,0.000,0,0.0000,0.000000,0.000000,0.000000,0.000000,0.000000,0.000000,0.000000,0.000000,-1000000000.000000,min_tweets
400,hrw,False,5060.500,0.000,4,0.5000,0.000000,0.000000,0.000000,0.000000,0.000000,0.000000,0.000000,0.000000,-1000000000.000000,min_median_views
401,IMFNews,False,0.000,0.000,6,0.3500,0.000000,0.000000,0.000000,0.000000,0.000000,0.000000,0.000000,0.000000,-1000000000.000000,min_original_ratio
402,LancetGH,False,0.000,0.000,0,0.0000,0.000000,0.000000,0.000000,0.000000,0.000000,0.000000,0.000000,0.000000,-1000000000.000000,min_followers
403,UN_News_Centre,False,1972.000,0.000,3,1.0000,0.000000,0.000000,0.000000,0.000000,0.000000,0.000000,0.000000,0.000000,-1000000000.000000,min_median_views
404,GdnDevelopment,False,0.000,0.000,0,0.0000,0.000000,0.000000,0.000000,0.000000,0.000000,0.000000,0.000000,0.000000,-1000000000.000000,min_tweets
405,voxdotcom,False,4928.500,0.000,3,0.8000,0.000000,0.000000,0.000000,0.000000,0.000000,0.000000,0.000000,0.000000,-1000000000.000000,min_median_views
406,healthglobal,False,0.000,0.000,0,0.0000,0.000000,0.000000,0.000000,0.000000,0.000000,0.000000,0.000000,0.000000,-1000000000.000000,min_followers
407,CARE,False,427.500,0.000,18,1.0000,0.000000,0.000000,0.000000,0.000000,0.000000,0.000000,0.000000,0.000000,-1000000000.000000,min_median_views
408,CGDev,False,875.000,0.000,4,0.7000,0.000000,0.000000,0.000000,0.000000,0.000000,0.000000,0.000000,0.000000,-1000000000.000000,min_median_views
409,ForeignPolicy,False,3286.000,0.000,3,1.0000,0.000000,0.000000,0.000000,0.000000,0.000000,0.000000,0.000000,0.000000,-1000000000.000000,min_median_views
410,UNICEFpolio,False,0.000,0.000,0,0.0000,0.000000,0.000000,0.000000,0.000000,0.000000,0.000000,0.000000,0.000000,-1000000000.000000,min_followers
411,UNFPA,False,776.000,0.000,8,0.8000,0.000000,0.000000,0.000000,0.000000,0.000000,0.000000,0.000000,0.000000,-1000000000.000000,min_median_views
412,stefanswartpet,False,0.000,0.000,0,0.0000,0.000000,0.000000,0.000000,0.000000,0.000000,0.000000,0.000000,0.000000,-1000000000.000000,min_followers
413,UNICEFUSA,False,558.500,0.000,19,1.0000,0.000000,0.000000,0.000000,0.000000,0.000000,0.000000,0.000000,0.000000,-1000000000.000000,min_median_views
414,SavetheChildren,False,884.000,0.000,12,1.0000,0.000000,0.000000,0.000000,0.000000,0.000000,0.000000,0.000000,0.000000,-1000000000.000000,min_median_views
415,GlobalGoalsUN,False,1801.000,0.000,8,0.8000,0.000000,0.000000,0.000000,0.000000,0.000000,0.000000,0.000000,0.000000,-1000000000.000000,min_median_views
416,FAO,False,2222.500,0.000,11,0.7500,0.000000,0.000000,0.000000,0.000000,0.000000,0.000000,0.000000,0.000000,-1000000000.000000,min_median_views
417,eu_echo,False,991.000,0.000,6,0.8000,0.000000,0.000000,0.000000,0.000000,0.000000,0.000000,0.000000,0.000000,-1000000000.000000,min_median_views
418,Oxfam,False,874.000,0.000,4,0.6000,0.000000,0.000000,0.000000,0.000000,0.000000,0.000000,0.000000,0.000000,-1000000000.000000,min_median_views
419,DFID_UK,False,0.000,0.000,0,0.0000,0.000000,0.000000,0.000000,0.000000,0.000000,0.000000,0.000000,0.000000,-1000000000.000000,min_tweets
420,R_Hughes1,False,0.000,0.000,0,0.0000,0.000000,0.000000,0.000000,0.000000,0.000000,0.000000,0.000000,0.000000,-1000000000.000000,min_followers
421,AminaJMohammed,False,4235.000,0.000,15,0.9500,0.000000,0.000000,0.000000,0.000000,0.000000,0.000000,0.000000,0.000000,-1000000000.000000,min_median_views
422,Katja_Iversen,False,0.000,0.000,0,0.0000,0.000000,0.000000,0.000000,0.000000,0.000000,0.000000,0.000000,0.000000,-1000000000.000000,min_followers
423,Slate,False,2203.000,0.000,2,1.0000,0.000000,0.000000,0.000000,0.000000,0.000000,0.000000,0.000000,0.000000,-1000000000.000000,min_median_views
424,joerogan,False,0.000,0.000,0,0.0000,0.000000,0.000000,0.000000,0.000000,0.000000,0.000000,0.000000,0.000000,-1000000000.000000,min_tweets
425,zoeharcombe,False,0.000,0.000,7,0.3000,0.000000,0.000000,0.000000,0.000000,0.000000,0.000000,0.000000,0.000000,-1000000000.000000,min_original_ratio
426,DrEades,False,0.000,0.000,0,0.0000,0.000000,0.000000,0.000000,0.000000,0.000000,0.000000,0.000000,0.000000,-1000000000.000000,min_followers
427,drjasonfung,False,11576.000,0.000,14,0.8500,0.000000,0.000000,0.000000,0.000000,0.000000,0.000000,0.000000,0.000000,-1000000000.000000,min_median_views
